time,weight,date,tag,comment,unit,max,avg,duration
2616438,3.4177340269088745,"2022-11-17 08:01:28","Laurin R 90","","SI",73.58572804927826,25.943599428295396,10
2627086,3.4071959257125854,"2022-11-17 08:01:28","Laurin R 90","","SI",73.58572804927826,25.943599428295396,10
2637733,3.4276965856552124,"2022-11-17 08:01:28","Laurin R 90","","SI",73.58572804927826,25.943599428295396,10
2648381,3.4302648305892944,"2022-11-17 08:01:28","Laurin R 90","","SI",73.58572804927826,25.943599428295396,10
2659027,3.4526251554489136,"2022-11-17 08:01:28","Laurin R 90","","SI",73.58572804927826,25.943599428295396,10
2669674,3.4872063398361206,"2022-11-17 08:01:28","Laurin R 90","","SI",73.58572804927826,25.943599428295396,10
2680320,3.530022978782654,"2022-11-17 08:01:28","Laurin R 90","","SI",73.58572804927826,25.943599428295396,10
2690965,3.56712806224823,"2022-11-17 08:01:28","Laurin R 90","","SI",73.58572804927826,25.943599428295396,10
2701612,3.600115180015564,"2022-11-17 08:01:28","Laurin R 90","","SI",73.58572804927826,25.943599428295396,10
2712260,3.6316856145858765,"2022-11-17 08:01:28","Laurin R 90","","SI",73.58572804927826,25.943599428295396,10
2722908,3.6528061628341675,"2022-11-17 08:01:28","Laurin R 90","","SI",73.58572804927826,25.943599428295396,10
2733555,3.68211829662323,"2022-11-17 08:01:28","Laurin R 90","","SI",73.58572804927826,25.943599428295396,10
2744202,3.7408751249313354,"2022-11-17 08:01:28","Laurin R 90","","SI",73.58572804927826,25.943599428295396,10
2754850,3.817254900932312,"2022-11-17 08:01:28","Laurin R 90","","SI",73.58572804927826,25.943599428295396,10
2765497,3.9334405660629272,"2022-11-17 08:01:28","Laurin R 90","","SI",73.58572804927826,25.943599428295396,10
2786792,4.24506938457489,"2022-11-17 08:01:28","Laurin R 90","","SI",73.58572804927826,25.943599428295396,10
2797440,4.412617564201355,"2022-11-17 08:01:28","Laurin R 90","","SI",73.58572804927826,25.943599428295396,10
2808087,4.583885073661804,"2022-11-17 08:01:28","Laurin R 90","","SI",73.58572804927826,25.943599428295396,10
2818735,4.756879210472107,"2022-11-17 08:01:28","Laurin R 90","","SI",73.58572804927826,25.943599428295396,10
2829383,4.954801917076111,"2022-11-17 08:01:28","Laurin R 90","","SI",73.58572804927826,25.943599428295396,10
2840031,5.157462954521179,"2022-11-17 08:01:28","Laurin R 90","","SI",73.58572804927826,25.943599428295396,10
2850679,5.378011584281921,"2022-11-17 08:01:28","Laurin R 90","","SI",73.58572804927826,25.943599428295396,10
2861325,5.639517664909363,"2022-11-17 08:01:28","Laurin R 90","","SI",73.58572804927826,25.943599428295396,10
2871971,5.943973898887634,"2022-11-17 08:01:28","Laurin R 90","","SI",73.58572804927826,25.943599428295396,10
2882618,6.331760764122009,"2022-11-17 08:01:28","Laurin R 90","","SI",73.58572804927826,25.943599428295396,10
2893263,6.804783225059509,"2022-11-17 08:01:28","Laurin R 90","","SI",73.58572804927826,25.943599428295396,10
2903909,7.320356726646423,"2022-11-17 08:01:28","Laurin R 90","","SI",73.58572804927826,25.943599428295396,10
2914557,7.813126921653748,"2022-11-17 08:01:28","Laurin R 90","","SI",73.58572804927826,25.943599428295396,10
2925205,8.37244737148285,"2022-11-17 08:01:28","Laurin R 90","","SI",73.58572804927826,25.943599428295396,10
2935853,9.033430457115173,"2022-11-17 08:01:28","Laurin R 90","","SI",73.58572804927826,25.943599428295396,10
2957150,10.58218801021576,"2022-11-17 08:01:28","Laurin R 90","","SI",73.58572804927826,25.943599428295396,10
2967797,11.427278876304626,"2022-11-17 08:01:28","Laurin R 90","","SI",73.58572804927826,25.943599428295396,10
2978446,12.475162863731384,"2022-11-17 08:01:28","Laurin R 90","","SI",73.58572804927826,25.943599428295396,10
2989092,13.669917464256287,"2022-11-17 08:01:28","Laurin R 90","","SI",73.58572804927826,25.943599428295396,10
2999740,15.027349829673767,"2022-11-17 08:01:28","Laurin R 90","","SI",73.58572804927826,25.943599428295396,10
3010388,16.514028906822205,"2022-11-17 08:01:28","Laurin R 90","","SI",73.58572804927826,25.943599428295396,10
3021034,18.071110129356384,"2022-11-17 08:01:28","Laurin R 90","","SI",73.58572804927826,25.943599428295396,10
3031680,19.658745169639587,"2022-11-17 08:01:28","Laurin R 90","","SI",73.58572804927826,25.943599428295396,10
3042327,21.1551650762558,"2022-11-17 08:01:28","Laurin R 90","","SI",73.58572804927826,25.943599428295396,10
3052972,22.471907019615173,"2022-11-17 08:01:28","Laurin R 90","","SI",73.58572804927826,25.943599428295396,10
3063618,23.67277181148529,"2022-11-17 08:01:28","Laurin R 90","","SI",73.58572804927826,25.943599428295396,10
3074264,24.822672247886658,"2022-11-17 08:01:28","Laurin R 90","","SI",73.58572804927826,25.943599428295396,10
3084910,25.997856497764587,"2022-11-17 08:01:28","Laurin R 90","","SI",73.58572804927826,25.943599428295396,10
3095557,27.364275336265564,"2022-11-17 08:01:28","Laurin R 90","","SI",73.58572804927826,25.943599428295396,10
3106204,28.939689993858337,"2022-11-17 08:01:28","Laurin R 90","","SI",73.58572804927826,25.943599428295396,10
3127493,32.396122336387634,"2022-11-17 08:01:28","Laurin R 90","","SI",73.58572804927826,25.943599428295396,10
3138136,34.04826772212982,"2022-11-17 08:01:28","Laurin R 90","","SI",73.58572804927826,25.943599428295396,10
3148780,35.64489018917084,"2022-11-17 08:01:28","Laurin R 90","","SI",73.58572804927826,25.943599428295396,10
3159423,37.12289083003998,"2022-11-17 08:01:28","Laurin R 90","","SI",73.58572804927826,25.943599428295396,10
3170065,38.536911368370056,"2022-11-17 08:01:28","Laurin R 90","","SI",73.58572804927826,25.943599428295396,10
3180710,39.9091762304306,"2022-11-17 08:01:28","Laurin R 90","","SI",73.58572804927826,25.943599428295396,10
3191353,41.35122334957123,"2022-11-17 08:01:28","Laurin R 90","","SI",73.58572804927826,25.943599428295396,10
3201998,42.83675420284271,"2022-11-17 08:01:28","Laurin R 90","","SI",73.58572804927826,25.943599428295396,10
3212642,44.29965627193451,"2022-11-17 08:01:28","Laurin R 90","","SI",73.58572804927826,25.943599428295396,10
3223286,45.824501395225525,"2022-11-17 08:01:28","Laurin R 90","","SI",73.58572804927826,25.943599428295396,10
3233930,47.27190816402435,"2022-11-17 08:01:28","Laurin R 90","","SI",73.58572804927826,25.943599428295396,10
3244573,48.647404074668884,"2022-11-17 08:01:28","Laurin R 90","","SI",73.58572804927826,25.943599428295396,10
3255216,50.03667485713959,"2022-11-17 08:01:28","Laurin R 90","","SI",73.58572804927826,25.943599428295396,10
3265859,51.38817250728607,"2022-11-17 08:01:28","Laurin R 90","","SI",73.58572804927826,25.943599428295396,10
3276502,52.67763555049896,"2022-11-17 08:01:28","Laurin R 90","","SI",73.58572804927826,25.943599428295396,10
3297789,55.009140372276306,"2022-11-17 08:01:28","Laurin R 90","","SI",73.58572804927826,25.943599428295396,10
3308434,55.93614614009857,"2022-11-17 08:01:28","Laurin R 90","","SI",73.58572804927826,25.943599428295396,10
3319078,56.777077078819275,"2022-11-17 08:01:28","Laurin R 90","","SI",73.58572804927826,25.943599428295396,10
3329722,57.5870555639267,"2022-11-17 08:01:28","Laurin R 90","","SI",73.58572804927826,25.943599428295396,10
3340366,58.33867299556732,"2022-11-17 08:01:28","Laurin R 90","","SI",73.58572804927826,25.943599428295396,10
3351010,58.96525228023529,"2022-11-17 08:01:28","Laurin R 90","","SI",73.58572804927826,25.943599428295396,10
3361654,59.53551137447357,"2022-11-17 08:01:28","Laurin R 90","","SI",73.58572804927826,25.943599428295396,10
3372298,60.04200780391693,"2022-11-17 08:01:28","Laurin R 90","","SI",73.58572804927826,25.943599428295396,10
3382941,60.53557240962982,"2022-11-17 08:01:28","Laurin R 90","","SI",73.58572804927826,25.943599428295396,10
3393585,61.05619466304779,"2022-11-17 08:01:28","Laurin R 90","","SI",73.58572804927826,25.943599428295396,10
3404229,61.65775716304779,"2022-11-17 08:01:28","Laurin R 90","","SI",73.58572804927826,25.943599428295396,10
3414874,62.24453008174896,"2022-11-17 08:01:28","Laurin R 90","","SI",73.58572804927826,25.943599428295396,10
3425517,62.73619496822357,"2022-11-17 08:01:28","Laurin R 90","","SI",73.58572804927826,25.943599428295396,10
3436160,63.13974416255951,"2022-11-17 08:01:28","Laurin R 90","","SI",73.58572804927826,25.943599428295396,10
3446804,63.46133077144623,"2022-11-17 08:01:28","Laurin R 90","","SI",73.58572804927826,25.943599428295396,10
3468091,64.1109813451767,"2022-11-17 08:01:28","Laurin R 90","","SI",73.58572804927826,25.943599428295396,10
3478736,64.46237599849701,"2022-11-17 08:01:28","Laurin R 90","","SI",73.58572804927826,25.943599428295396,10
3489378,64.86937367916107,"2022-11-17 08:01:28","Laurin R 90","","SI",73.58572804927826,25.943599428295396,10
3500021,65.29812276363373,"2022-11-17 08:01:28","Laurin R 90","","SI",73.58572804927826,25.943599428295396,10
3510664,65.67612111568451,"2022-11-17 08:01:28","Laurin R 90","","SI",73.58572804927826,25.943599428295396,10
3521308,66.02335011959076,"2022-11-17 08:01:28","Laurin R 90","","SI",73.58572804927826,25.943599428295396,10
3531951,66.30159413814545,"2022-11-17 08:01:28","Laurin R 90","","SI",73.58572804927826,25.943599428295396,10
3542595,66.48428761959076,"2022-11-17 08:01:28","Laurin R 90","","SI",73.58572804927826,25.943599428295396,10
3553238,66.63744008541107,"2022-11-17 08:01:28","Laurin R 90","","SI",73.58572804927826,25.943599428295396,10
3563882,66.78453481197357,"2022-11-17 08:01:28","Laurin R 90","","SI",73.58572804927826,25.943599428295396,10
3574526,66.95425069332123,"2022-11-17 08:01:28","Laurin R 90","","SI",73.58572804927826,25.943599428295396,10
3585168,67.2159389257431,"2022-11-17 08:01:28","Laurin R 90","","SI",73.58572804927826,25.943599428295396,10
3595810,67.6402553319931,"2022-11-17 08:01:28","Laurin R 90","","SI",73.58572804927826,25.943599428295396,10
3606454,68.07138478755951,"2022-11-17 08:01:28","Laurin R 90","","SI",73.58572804927826,25.943599428295396,10
3617097,68.47467458248138,"2022-11-17 08:01:28","Laurin R 90","","SI",73.58572804927826,25.943599428295396,10
3638384,69.26321828365326,"2022-11-17 08:01:28","Laurin R 90","","SI",73.58572804927826,25.943599428295396,10
3649027,69.5627635717392,"2022-11-17 08:01:28","Laurin R 90","","SI",73.58572804927826,25.943599428295396,10
3659670,69.6632274389267,"2022-11-17 08:01:28","Laurin R 90","","SI",73.58572804927826,25.943599428295396,10
3670316,69.63435781002045,"2022-11-17 08:01:28","Laurin R 90","","SI",73.58572804927826,25.943599428295396,10
3680960,69.54438436031342,"2022-11-17 08:01:28","Laurin R 90","","SI",73.58572804927826,25.943599428295396,10
3691604,69.44090688228607,"2022-11-17 08:01:28","Laurin R 90","","SI",73.58572804927826,25.943599428295396,10
3702247,69.38042104244232,"2022-11-17 08:01:28","Laurin R 90","","SI",73.58572804927826,25.943599428295396,10
3712890,69.41996419429779,"2022-11-17 08:01:28","Laurin R 90","","SI",73.58572804927826,25.943599428295396,10
3723533,69.56515157222748,"2022-11-17 08:01:28","Laurin R 90","","SI",73.58572804927826,25.943599428295396,10
3734177,69.75266683101654,"2022-11-17 08:01:28","Laurin R 90","","SI",73.58572804927826,25.943599428295396,10
3744819,69.9938930273056,"2022-11-17 08:01:28","Laurin R 90","","SI",73.58572804927826,25.943599428295396,10
3755460,70.21931874752045,"2022-11-17 08:01:28","Laurin R 90","","SI",73.58572804927826,25.943599428295396,10
3766103,70.35007131099701,"2022-11-17 08:01:28","Laurin R 90","","SI",73.58572804927826,25.943599428295396,10
3776746,70.42180287837982,"2022-11-17 08:01:28","Laurin R 90","","SI",73.58572804927826,25.943599428295396,10
3787389,70.4867137670517,"2022-11-17 08:01:28","Laurin R 90","","SI",73.58572804927826,25.943599428295396,10
3808674,70.63796651363373,"2022-11-17 08:01:28","Laurin R 90","","SI",73.58572804927826,25.943599428295396,10
3819318,70.70540273189545,"2022-11-17 08:01:28","Laurin R 90","","SI",73.58572804927826,25.943599428295396,10
3829962,70.70420491695404,"2022-11-17 08:01:28","Laurin R 90","","SI",73.58572804927826,25.943599428295396,10
3840714,70.67737233638763,"2022-11-17 08:01:28","Laurin R 90","","SI",73.58572804927826,25.943599428295396,10
3851251,70.72018849849701,"2022-11-17 08:01:28","Laurin R 90","","SI",73.58572804927826,25.943599428295396,10
3861895,70.82703053951263,"2022-11-17 08:01:28","Laurin R 90","","SI",73.58572804927826,25.943599428295396,10
3872539,70.91722524166107,"2022-11-17 08:01:28","Laurin R 90","","SI",73.58572804927826,25.943599428295396,10
3883180,70.95650136470795,"2022-11-17 08:01:28","Laurin R 90","","SI",73.58572804927826,25.943599428295396,10
3893822,70.97226369380951,"2022-11-17 08:01:28","Laurin R 90","","SI",73.58572804927826,25.943599428295396,10
3904465,71.01180684566498,"2022-11-17 08:01:28","Laurin R 90","","SI",73.58572804927826,25.943599428295396,10
3915108,71.14804494380951,"2022-11-17 08:01:28","Laurin R 90","","SI",73.58572804927826,25.943599428295396,10
3925751,71.35774648189545,"2022-11-17 08:01:28","Laurin R 90","","SI",73.58572804927826,25.943599428295396,10
3936394,71.52268636226654,"2022-11-17 08:01:28","Laurin R 90","","SI",73.58572804927826,25.943599428295396,10
3947038,71.62425649166107,"2022-11-17 08:01:28","Laurin R 90","","SI",73.58572804927826,25.943599428295396,10
3957681,71.68062245845795,"2022-11-17 08:01:28","Laurin R 90","","SI",73.58572804927826,25.943599428295396,10
3978967,71.89714467525482,"2022-11-17 08:01:28","Laurin R 90","","SI",73.58572804927826,25.943599428295396,10
3989609,72.03976094722748,"2022-11-17 08:01:28","Laurin R 90","","SI",73.58572804927826,25.943599428295396,10
4000253,72.19920766353607,"2022-11-17 08:01:28","Laurin R 90","","SI",73.58572804927826,25.943599428295396,10
4010896,72.33961141109467,"2022-11-17 08:01:28","Laurin R 90","","SI",73.58572804927826,25.943599428295396,10
4021541,72.46815145015717,"2022-11-17 08:01:28","Laurin R 90","","SI",73.58572804927826,25.943599428295396,10
4032185,72.59151113033295,"2022-11-17 08:01:28","Laurin R 90","","SI",73.58572804927826,25.943599428295396,10
4042827,72.7320522069931,"2022-11-17 08:01:28","Laurin R 90","","SI",73.58572804927826,25.943599428295396,10
4053470,72.8845409154892,"2022-11-17 08:01:28","Laurin R 90","","SI",73.58572804927826,25.943599428295396,10
4064114,73.12324941158295,"2022-11-17 08:01:28","Laurin R 90","","SI",73.58572804927826,25.943599428295396,10
4074758,73.39378774166107,"2022-11-17 08:01:28","Laurin R 90","","SI",73.58572804927826,25.943599428295396,10
4085402,73.57510793209076,"2022-11-17 08:01:28","Laurin R 90","","SI",73.58572804927826,25.943599428295396,10
4096045,73.58572804927826,"2022-11-17 08:01:28","Laurin R 90","","SI",73.58572804927826,25.943599428295396,10
4106690,73.45705831050873,"2022-11-17 08:01:28","Laurin R 90","","SI",73.58572804927826,25.943599428295396,10
4117334,73.2437709569931,"2022-11-17 08:01:28","Laurin R 90","","SI",73.58572804927826,25.943599428295396,10
4127978,73.02893483638763,"2022-11-17 08:01:28","Laurin R 90","","SI",73.58572804927826,25.943599428295396,10
4149266,72.8897670507431,"2022-11-17 08:01:28","Laurin R 90","","SI",73.58572804927826,25.943599428295396,10
4159909,72.92302358150482,"2022-11-17 08:01:28","Laurin R 90","","SI",73.58572804927826,25.943599428295396,10
4170552,72.95366322994232,"2022-11-17 08:01:28","Laurin R 90","","SI",73.58572804927826,25.943599428295396,10
4181196,73.00347554683685,"2022-11-17 08:01:28","Laurin R 90","","SI",73.58572804927826,25.943599428295396,10
4191839,73.08879506587982,"2022-11-17 08:01:28","Laurin R 90","","SI",73.58572804927826,25.943599428295396,10
4202483,73.1734584569931,"2022-11-17 08:01:28","Laurin R 90","","SI",73.58572804927826,25.943599428295396,10
4213127,73.24261891841888,"2022-11-17 08:01:28","Laurin R 90","","SI",73.58572804927826,25.943599428295396,10
4223772,73.35194051265717,"2022-11-17 08:01:28","Laurin R 90","","SI",73.58572804927826,25.943599428295396,10
4234416,73.41300618648529,"2022-11-17 08:01:28","Laurin R 90","","SI",73.58572804927826,25.943599428295396,10
4245060,73.38125264644623,"2022-11-17 08:01:28","Laurin R 90","","SI",73.58572804927826,25.943599428295396,10
4255705,73.25519216060638,"2022-11-17 08:01:28","Laurin R 90","","SI",73.58572804927826,25.943599428295396,10
4266349,73.13108479976654,"2022-11-17 08:01:28","Laurin R 90","","SI",73.58572804927826,25.943599428295396,10
4276993,73.02473104000092,"2022-11-17 08:01:28","Laurin R 90","","SI",73.58572804927826,25.943599428295396,10
4287638,72.95711934566498,"2022-11-17 08:01:28","Laurin R 90","","SI",73.58572804927826,25.943599428295396,10
4298280,72.91983449459076,"2022-11-17 08:01:28","Laurin R 90","","SI",73.58572804927826,25.943599428295396,10
4319556,72.86678731441498,"2022-11-17 08:01:28","Laurin R 90","","SI",73.58572804927826,25.943599428295396,10
4330211,72.85589253902435,"2022-11-17 08:01:28","Laurin R 90","","SI",73.58572804927826,25.943599428295396,10
4340855,72.9266551733017,"2022-11-17 08:01:28","Laurin R 90","","SI",73.58572804927826,25.943599428295396,10
4351499,73.07848012447357,"2022-11-17 08:01:28","Laurin R 90","","SI",73.58572804927826,25.943599428295396,10
4362143,73.20272481441498,"2022-11-17 08:01:28","Laurin R 90","","SI",73.58572804927826,25.943599428295396,10
4372787,73.23345601558685,"2022-11-17 08:01:28","Laurin R 90","","SI",73.58572804927826,25.943599428295396,10
4383431,73.09654653072357,"2022-11-17 08:01:28","Laurin R 90","","SI",73.58572804927826,25.943599428295396,10
4394074,72.87728536128998,"2022-11-17 08:01:28","Laurin R 90","","SI",73.58572804927826,25.943599428295396,10
4404716,72.72058522701263,"2022-11-17 08:01:28","Laurin R 90","","SI",73.58572804927826,25.943599428295396,10
4415358,72.68104207515717,"2022-11-17 08:01:28","Laurin R 90","","SI",73.58572804927826,25.943599428295396,10
4426000,72.79868733882904,"2022-11-17 08:01:28","Laurin R 90","","SI",73.58572804927826,25.943599428295396,10
4436642,72.96707570552826,"2022-11-17 08:01:28","Laurin R 90","","SI",73.58572804927826,25.943599428295396,10
4447286,73.0946010351181,"2022-11-17 08:01:28","Laurin R 90","","SI",73.58572804927826,25.943599428295396,10
4457929,73.22092092037201,"2022-11-17 08:01:28","Laurin R 90","","SI",73.58572804927826,25.943599428295396,10
4468572,73.22362172603607,"2022-11-17 08:01:28","Laurin R 90","","SI",73.58572804927826,25.943599428295396,10
4489857,73.1325877904892,"2022-11-17 08:01:28","Laurin R 90","","SI",73.58572804927826,25.943599428295396,10
4500501,73.08787190914154,"2022-11-17 08:01:28","Laurin R 90","","SI",73.58572804927826,25.943599428295396,10
4511146,73.03801381587982,"2022-11-17 08:01:28","Laurin R 90","","SI",73.58572804927826,25.943599428295396,10
4521791,72.99882924556732,"2022-11-17 08:01:28","Laurin R 90","","SI",73.58572804927826,25.943599428295396,10
4532436,72.94356954097748,"2022-11-17 08:01:28","Laurin R 90","","SI",73.58572804927826,25.943599428295396,10
4543080,72.93878591060638,"2022-11-17 08:01:28","Laurin R 90","","SI",73.58572804927826,25.943599428295396,10
4553723,73.01352345943451,"2022-11-17 08:01:28","Laurin R 90","","SI",73.58572804927826,25.943599428295396,10
4564369,73.08702504634857,"2022-11-17 08:01:28","Laurin R 90","","SI",73.58572804927826,25.943599428295396,10
4575011,73.0413783788681,"2022-11-17 08:01:28","Laurin R 90","","SI",73.58572804927826,25.943599428295396,10
4585655,72.76897847652435,"2022-11-17 08:01:28","Laurin R 90","","SI",73.58572804927826,25.943599428295396,10
4596300,72.28152120113373,"2022-11-17 08:01:28","Laurin R 90","","SI",73.58572804927826,25.943599428295396,10
4606944,71.76359975337982,"2022-11-17 08:01:28","Laurin R 90","","SI",73.58572804927826,25.943599428295396,10
4617588,71.43590199947357,"2022-11-17 08:01:28","Laurin R 90","","SI",73.58572804927826,25.943599428295396,10
4628231,71.24988973140717,"2022-11-17 08:01:28","Laurin R 90","","SI",73.58572804927826,25.943599428295396,10
4638873,71.11922109127045,"2022-11-17 08:01:28","Laurin R 90","","SI",73.58572804927826,25.943599428295396,10
4660163,70.7242625951767,"2022-11-17 08:01:28","Laurin R 90","","SI",73.58572804927826,25.943599428295396,10
4670808,70.57664144039154,"2022-11-17 08:01:28","Laurin R 90","","SI",73.58572804927826,25.943599428295396,10
4681453,70.54993855953217,"2022-11-17 08:01:28","Laurin R 90","","SI",73.58572804927826,25.943599428295396,10
4692097,70.61954152584076,"2022-11-17 08:01:28","Laurin R 90","","SI",73.58572804927826,25.943599428295396,10
4702741,70.67010915279388,"2022-11-17 08:01:28","Laurin R 90","","SI",73.58572804927826,25.943599428295396,10
4713385,70.65881764888763,"2022-11-17 08:01:28","Laurin R 90","","SI",73.58572804927826,25.943599428295396,10
4724030,70.55972707271576,"2022-11-17 08:01:28","Laurin R 90","","SI",73.58572804927826,25.943599428295396,10
4734674,70.34187734127045,"2022-11-17 08:01:28","Laurin R 90","","SI",73.58572804927826,25.943599428295396,10
4745319,70.07661092281342,"2022-11-17 08:01:28","Laurin R 90","","SI",73.58572804927826,25.943599428295396,10
4755963,69.8630565404892,"2022-11-17 08:01:28","Laurin R 90","","SI",73.58572804927826,25.943599428295396,10
4766605,69.71463429927826,"2022-11-17 08:01:28","Laurin R 90","","SI",73.58572804927826,25.943599428295396,10
4777250,69.55191457271576,"2022-11-17 08:01:28","Laurin R 90","","SI",73.58572804927826,25.943599428295396,10
4787895,69.37564504146576,"2022-11-17 08:01:28","Laurin R 90","","SI",73.58572804927826,25.943599428295396,10
4798539,69.16305959224701,"2022-11-17 08:01:28","Laurin R 90","","SI",73.58572804927826,25.943599428295396,10
4809182,68.96469533443451,"2022-11-17 08:01:28","Laurin R 90","","SI",73.58572804927826,25.943599428295396,10
4830468,68.76726186275482,"2022-11-17 08:01:28","Laurin R 90","","SI",73.58572804927826,25.943599428295396,10
4841112,68.71381795406342,"2022-11-17 08:01:28","Laurin R 90","","SI",73.58572804927826,25.943599428295396,10
4851755,68.57305562496185,"2022-11-17 08:01:28","Laurin R 90","","SI",73.58572804927826,25.943599428295396,10
4862401,68.39081227779388,"2022-11-17 08:01:28","Laurin R 90","","SI",73.58572804927826,25.943599428295396,10
4873045,68.23698842525482,"2022-11-17 08:01:28","Laurin R 90","","SI",73.58572804927826,25.943599428295396,10
4883690,68.09843862056732,"2022-11-17 08:01:28","Laurin R 90","","SI",73.58572804927826,25.943599428295396,10
4894335,68.06651723384857,"2022-11-17 08:01:28","Laurin R 90","","SI",73.58572804927826,25.943599428295396,10
4904980,68.1650356054306,"2022-11-17 08:01:28","Laurin R 90","","SI",73.58572804927826,25.943599428295396,10
4915622,68.23163259029388,"2022-11-17 08:01:28","Laurin R 90","","SI",73.58572804927826,25.943599428295396,10
4926266,68.21741902828217,"2022-11-17 08:01:28","Laurin R 90","","SI",73.58572804927826,25.943599428295396,10
4936910,68.0949901342392,"2022-11-17 08:01:28","Laurin R 90","","SI",73.58572804927826,25.943599428295396,10
4947554,67.93518483638763,"2022-11-17 08:01:28","Laurin R 90","","SI",73.58572804927826,25.943599428295396,10
4958197,67.82719075679779,"2022-11-17 08:01:28","Laurin R 90","","SI",73.58572804927826,25.943599428295396,10
4968842,67.7877391576767,"2022-11-17 08:01:28","Laurin R 90","","SI",73.58572804927826,25.943599428295396,10
4979486,67.71778523921967,"2022-11-17 08:01:28","Laurin R 90","","SI",73.58572804927826,25.943599428295396,10
5000772,67.55595052242279,"2022-11-17 08:01:28","Laurin R 90","","SI",73.58572804927826,25.943599428295396,10
5011416,67.56099355220795,"2022-11-17 08:01:28","Laurin R 90","","SI",73.58572804927826,25.943599428295396,10
5022058,67.65668141841888,"2022-11-17 08:01:28","Laurin R 90","","SI",73.58572804927826,25.943599428295396,10
5032701,67.80598866939545,"2022-11-17 08:01:28","Laurin R 90","","SI",73.58572804927826,25.943599428295396,10
5043344,67.9702113866806,"2022-11-17 08:01:28","Laurin R 90","","SI",73.58572804927826,25.943599428295396,10
5053987,68.07953298091888,"2022-11-17 08:01:28","Laurin R 90","","SI",73.58572804927826,25.943599428295396,10
5064631,68.06926381587982,"2022-11-17 08:01:28","Laurin R 90","","SI",73.58572804927826,25.943599428295396,10
5075276,67.94585835933685,"2022-11-17 08:01:28","Laurin R 90","","SI",73.58572804927826,25.943599428295396,10
5085920,67.88480031490326,"2022-11-17 08:01:28","Laurin R 90","","SI",73.58572804927826,25.943599428295396,10
5096565,67.94112050533295,"2022-11-17 08:01:28","Laurin R 90","","SI",73.58572804927826,25.943599428295396,10
5107210,68.09764516353607,"2022-11-17 08:01:28","Laurin R 90","","SI",73.58572804927826,25.943599428295396,10
5117853,68.25965535640717,"2022-11-17 08:01:28","Laurin R 90","","SI",73.58572804927826,25.943599428295396,10
5128497,68.37952077388763,"2022-11-17 08:01:28","Laurin R 90","","SI",73.58572804927826,25.943599428295396,10
5139140,68.46683156490326,"2022-11-17 08:01:28","Laurin R 90","","SI",73.58572804927826,25.943599428295396,10
5149785,68.46183431148529,"2022-11-17 08:01:28","Laurin R 90","","SI",73.58572804927826,25.943599428295396,10
5171075,68.50610768795013,"2022-11-17 08:01:28","Laurin R 90","","SI",73.58572804927826,25.943599428295396,10
5181717,68.48432576656342,"2022-11-17 08:01:28","Laurin R 90","","SI",73.58572804927826,25.943599428295396,10
5192361,68.39767110347748,"2022-11-17 08:01:28","Laurin R 90","","SI",73.58572804927826,25.943599428295396,10
5203006,68.19877278804779,"2022-11-17 08:01:28","Laurin R 90","","SI",73.58572804927826,25.943599428295396,10
5213651,67.95219075679779,"2022-11-17 08:01:28","Laurin R 90","","SI",73.58572804927826,25.943599428295396,10
5224296,67.80788838863373,"2022-11-17 08:01:28","Laurin R 90","","SI",73.58572804927826,25.943599428295396,10
5234941,67.79602468013763,"2022-11-17 08:01:28","Laurin R 90","","SI",73.58572804927826,25.943599428295396,10
5245585,67.85699117183685,"2022-11-17 08:01:28","Laurin R 90","","SI",73.58572804927826,25.943599428295396,10
5256228,67.94165456295013,"2022-11-17 08:01:28","Laurin R 90","","SI",73.58572804927826,25.943599428295396,10
5266869,67.9124721288681,"2022-11-17 08:01:28","Laurin R 90","","SI",73.58572804927826,25.943599428295396,10
5277513,67.77025258541107,"2022-11-17 08:01:28","Laurin R 90","","SI",73.58572804927826,25.943599428295396,10
5288158,67.67974507808685,"2022-11-17 08:01:28","Laurin R 90","","SI",73.58572804927826,25.943599428295396,10
5298802,67.6903270483017,"2022-11-17 08:01:28","Laurin R 90","","SI",73.58572804927826,25.943599428295396,10
5309446,67.71592366695404,"2022-11-17 08:01:28","Laurin R 90","","SI",73.58572804927826,25.943599428295396,10
5320089,67.72371327877045,"2022-11-17 08:01:28","Laurin R 90","","SI",73.58572804927826,25.943599428295396,10
5341379,67.67634236812592,"2022-11-17 08:01:28","Laurin R 90","","SI",73.58572804927826,25.943599428295396,10
5352022,67.76131093502045,"2022-11-17 08:01:28","Laurin R 90","","SI",73.58572804927826,25.943599428295396,10
5362666,67.87519490718842,"2022-11-17 08:01:28","Laurin R 90","","SI",73.58572804927826,25.943599428295396,10
5373310,68.00993001461029,"2022-11-17 08:01:28","Laurin R 90","","SI",73.58572804927826,25.943599428295396,10
5383953,68.11703908443451,"2022-11-17 08:01:28","Laurin R 90","","SI",73.58572804927826,25.943599428295396,10
5394598,68.10822713375092,"2022-11-17 08:01:28","Laurin R 90","","SI",73.58572804927826,25.943599428295396,10
5405242,67.99239766597748,"2022-11-17 08:01:28","Laurin R 90","","SI",73.58572804927826,25.943599428295396,10
5415886,67.84817922115326,"2022-11-17 08:01:28","Laurin R 90","","SI",73.58572804927826,25.943599428295396,10
5426531,67.83866536617279,"2022-11-17 08:01:28","Laurin R 90","","SI",73.58572804927826,25.943599428295396,10
5437176,67.99239766597748,"2022-11-17 08:01:28","Laurin R 90","","SI",73.58572804927826,25.943599428295396,10
5447819,68.2609828710556,"2022-11-17 08:01:28","Laurin R 90","","SI",73.58572804927826,25.943599428295396,10
5458463,68.51682698726654,"2022-11-17 08:01:28","Laurin R 90","","SI",73.58572804927826,25.943599428295396,10
5469107,68.59143483638763,"2022-11-17 08:01:28","Laurin R 90","","SI",73.58572804927826,25.943599428295396,10
5479749,68.5421108007431,"2022-11-17 08:01:28","Laurin R 90","","SI",73.58572804927826,25.943599428295396,10
5490393,68.39359700679779,"2022-11-17 08:01:28","Laurin R 90","","SI",73.58572804927826,25.943599428295396,10
5511679,67.99854695796967,"2022-11-17 08:01:28","Laurin R 90","","SI",73.58572804927826,25.943599428295396,10
5522323,67.91433370113373,"2022-11-17 08:01:28","Laurin R 90","","SI",73.58572804927826,25.943599428295396,10
5532966,67.8374217748642,"2022-11-17 08:01:28","Laurin R 90","","SI",73.58572804927826,25.943599428295396,10
5543609,67.74133718013763,"2022-11-17 08:01:28","Laurin R 90","","SI",73.58572804927826,25.943599428295396,10
5554252,67.64229238033295,"2022-11-17 08:01:28","Laurin R 90","","SI",73.58572804927826,25.943599428295396,10
5564896,67.5473598241806,"2022-11-17 08:01:28","Laurin R 90","","SI",73.58572804927826,25.943599428295396,10
5575541,67.50639760494232,"2022-11-17 08:01:28","Laurin R 90","","SI",73.58572804927826,25.943599428295396,10
5586184,67.55289113521576,"2022-11-17 08:01:28","Laurin R 90","","SI",73.58572804927826,25.943599428295396,10
5596829,67.58667409420013,"2022-11-17 08:01:28","Laurin R 90","","SI",73.58572804927826,25.943599428295396,10
5607473,67.5335887670517,"2022-11-17 08:01:28","Laurin R 90","","SI",73.58572804927826,25.943599428295396,10
5618118,67.40539968013763,"2022-11-17 08:01:28","Laurin R 90","","SI",73.58572804927826,25.943599428295396,10
5628763,67.29745137691498,"2022-11-17 08:01:28","Laurin R 90","","SI",73.58572804927826,25.943599428295396,10
5639406,67.31826436519623,"2022-11-17 08:01:28","Laurin R 90","","SI",73.58572804927826,25.943599428295396,10
5650049,67.39410817623138,"2022-11-17 08:01:28","Laurin R 90","","SI",73.58572804927826,25.943599428295396,10
5660692,67.48621022701263,"2022-11-17 08:01:28","Laurin R 90","","SI",73.58572804927826,25.943599428295396,10
5681981,67.69573628902435,"2022-11-17 08:01:28","Laurin R 90","","SI",73.58572804927826,25.943599428295396,10
5692625,67.91867482662201,"2022-11-17 08:01:28","Laurin R 90","","SI",73.58572804927826,25.943599428295396,10
5703270,68.16582906246185,"2022-11-17 08:01:28","Laurin R 90","","SI",73.58572804927826,25.943599428295396,10
5713914,68.29512441158295,"2022-11-17 08:01:28","Laurin R 90","","SI",73.58572804927826,25.943599428295396,10
5724557,68.25589406490326,"2022-11-17 08:01:28","Laurin R 90","","SI",73.58572804927826,25.943599428295396,10
5735201,68.08374440670013,"2022-11-17 08:01:28","Laurin R 90","","SI",73.58572804927826,25.943599428295396,10
5745845,67.95555531978607,"2022-11-17 08:01:28","Laurin R 90","","SI",73.58572804927826,25.943599428295396,10
5756490,67.92013204097748,"2022-11-17 08:01:28","Laurin R 90","","SI",73.58572804927826,25.943599428295396,10
5767135,67.9619334936142,"2022-11-17 08:01:28","Laurin R 90","","SI",73.58572804927826,25.943599428295396,10
5777779,68.07736623287201,"2022-11-17 08:01:28","Laurin R 90","","SI",73.58572804927826,25.943599428295396,10
5788423,68.24425160884857,"2022-11-17 08:01:28","Laurin R 90","","SI",73.58572804927826,25.943599428295396,10
5799067,68.39342153072357,"2022-11-17 08:01:28","Laurin R 90","","SI",73.58572804927826,25.943599428295396,10
5809712,68.47608602046967,"2022-11-17 08:01:28","Laurin R 90","","SI",73.58572804927826,25.943599428295396,10
5820355,68.47892415523529,"2022-11-17 08:01:28","Laurin R 90","","SI",73.58572804927826,25.943599428295396,10
5830999,68.45000874996185,"2022-11-17 08:01:28","Laurin R 90","","SI",73.58572804927826,25.943599428295396,10
5852288,68.43052327632904,"2022-11-17 08:01:28","Laurin R 90","","SI",73.58572804927826,25.943599428295396,10
5862932,68.57385671138763,"2022-11-17 08:01:28","Laurin R 90","","SI",73.58572804927826,25.943599428295396,10
5873576,68.75778615474701,"2022-11-17 08:01:28","Laurin R 90","","SI",73.58572804927826,25.943599428295396,10
5884221,68.93268239498138,"2022-11-17 08:01:28","Laurin R 90","","SI",73.58572804927826,25.943599428295396,10
5894865,69.03748738765717,"2022-11-17 08:01:28","Laurin R 90","","SI",73.58572804927826,25.943599428295396,10
5905510,69.13423573970795,"2022-11-17 08:01:28","Laurin R 90","","SI",73.58572804927826,25.943599428295396,10
5916155,69.24285542964935,"2022-11-17 08:01:28","Laurin R 90","","SI",73.58572804927826,25.943599428295396,10
5926800,69.30585896968842,"2022-11-17 08:01:28","Laurin R 90","","SI",73.58572804927826,25.943599428295396,10
5937444,69.3365443944931,"2022-11-17 08:01:28","Laurin R 90","","SI",73.58572804927826,25.943599428295396,10
5948089,69.30125844478607,"2022-11-17 08:01:28","Laurin R 90","","SI",73.58572804927826,25.943599428295396,10
5958733,69.15252339839935,"2022-11-17 08:01:28","Laurin R 90","","SI",73.58572804927826,25.943599428295396,10
5969378,68.8633006811142,"2022-11-17 08:01:28","Laurin R 90","","SI",73.58572804927826,25.943599428295396,10
5980023,68.53072774410248,"2022-11-17 08:01:28","Laurin R 90","","SI",73.58572804927826,25.943599428295396,10
5990668,68.26448476314545,"2022-11-17 08:01:28","Laurin R 90","","SI",73.58572804927826,25.943599428295396,10
6001312,68.09963643550873,"2022-11-17 08:01:28","Laurin R 90","","SI",73.58572804927826,25.943599428295396,10
6022602,68.27249562740326,"2022-11-17 08:01:28","Laurin R 90","","SI",73.58572804927826,25.943599428295396,10
6033247,68.50217092037201,"2022-11-17 08:01:28","Laurin R 90","","SI",73.58572804927826,25.943599428295396,10
6043892,68.66555440425873,"2022-11-17 08:01:28","Laurin R 90","","SI",73.58572804927826,25.943599428295396,10
6054537,68.73874318599701,"2022-11-17 08:01:28","Laurin R 90","","SI",73.58572804927826,25.943599428295396,10
6065181,68.74383962154388,"2022-11-17 08:01:28","Laurin R 90","","SI",73.58572804927826,25.943599428295396,10
6075825,68.73741567134857,"2022-11-17 08:01:28","Laurin R 90","","SI",73.58572804927826,25.943599428295396,10
6086470,68.75672566890717,"2022-11-17 08:01:28","Laurin R 90","","SI",73.58572804927826,25.943599428295396,10
6097115,68.79537618160248,"2022-11-17 08:01:28","Laurin R 90","","SI",73.58572804927826,25.943599428295396,10
6107759,68.88375508785248,"2022-11-17 08:01:28","Laurin R 90","","SI",73.58572804927826,25.943599428295396,10
6118404,69.11262929439545,"2022-11-17 08:01:28","Laurin R 90","","SI",73.58572804927826,25.943599428295396,10
6129047,69.34792745113373,"2022-11-17 08:01:28","Laurin R 90","","SI",73.58572804927826,25.943599428295396,10
6139691,69.4118617773056,"2022-11-17 08:01:28","Laurin R 90","","SI",73.58572804927826,25.943599428295396,10
6150335,69.32237660884857,"2022-11-17 08:01:28","Laurin R 90","","SI",73.58572804927826,25.943599428295396,10
6160979,69.22124135494232,"2022-11-17 08:01:28","Laurin R 90","","SI",73.58572804927826,25.943599428295396,10
6171622,69.25494039058685,"2022-11-17 08:01:28","Laurin R 90","","SI",73.58572804927826,25.943599428295396,10
6192910,69.65140187740326,"2022-11-17 08:01:28","Laurin R 90","","SI",73.58572804927826,25.943599428295396,10
6203555,69.71959340572357,"2022-11-17 08:01:28","Laurin R 90","","SI",73.58572804927826,25.943599428295396,10
6214200,69.58552205562592,"2022-11-17 08:01:28","Laurin R 90","","SI",73.58572804927826,25.943599428295396,10
6224844,69.32476460933685,"2022-11-17 08:01:28","Laurin R 90","","SI",73.58572804927826,25.943599428295396,10
6235490,68.9310497045517,"2022-11-17 08:01:28","Laurin R 90","","SI",73.58572804927826,25.943599428295396,10
6246136,68.55543172359467,"2022-11-17 08:01:28","Laurin R 90","","SI",73.58572804927826,25.943599428295396,10
6256780,68.33408772945404,"2022-11-17 08:01:28","Laurin R 90","","SI",73.58572804927826,25.943599428295396,10
6267424,68.28680074214935,"2022-11-17 08:01:28","Laurin R 90","","SI",73.58572804927826,25.943599428295396,10
6278067,68.39094197750092,"2022-11-17 08:01:28","Laurin R 90","","SI",73.58572804927826,25.943599428295396,10
6288711,68.54901540279388,"2022-11-17 08:01:28","Laurin R 90","","SI",73.58572804927826,25.943599428295396,10
6299421,68.7889598608017,"2022-11-17 08:01:28","Laurin R 90","","SI",73.58572804927826,25.943599428295396,10
6309998,69.06299245357513,"2022-11-17 08:01:28","Laurin R 90","","SI",73.58572804927826,25.943599428295396,10
6320642,69.23505818843842,"2022-11-17 08:01:28","Laurin R 90","","SI",73.58572804927826,25.943599428295396,10
6331287,69.34518086910248,"2022-11-17 08:01:28","Laurin R 90","","SI",73.58572804927826,25.943599428295396,10
6341929,69.4439662694931,"2022-11-17 08:01:28","Laurin R 90","","SI",73.58572804927826,25.943599428295396,10
6363216,69.5542186498642,"2022-11-17 08:01:28","Laurin R 90","","SI",73.58572804927826,25.943599428295396,10
6373860,69.56422078609467,"2022-11-17 08:01:28","Laurin R 90","","SI",73.58572804927826,25.943599428295396,10
6384504,69.6943553686142,"2022-11-17 08:01:28","Laurin R 90","","SI",73.58572804927826,25.943599428295396,10
6395149,69.98556935787201,"2022-11-17 08:01:28","Laurin R 90","","SI",73.58572804927826,25.943599428295396,10
6405792,70.3446239233017,"2022-11-17 08:01:28","Laurin R 90","","SI",73.58572804927826,25.943599428295396,10
6416436,70.66006124019623,"2022-11-17 08:01:28","Laurin R 90","","SI",73.58572804927826,25.943599428295396,10
6427081,70.90996205806732,"2022-11-17 08:01:28","Laurin R 90","","SI",73.58572804927826,25.943599428295396,10
6437725,71.04275166988373,"2022-11-17 08:01:28","Laurin R 90","","SI",73.58572804927826,25.943599428295396,10
6448370,71.01755940914154,"2022-11-17 08:01:28","Laurin R 90","","SI",73.58572804927826,25.943599428295396,10
6459015,70.91018331050873,"2022-11-17 08:01:28","Laurin R 90","","SI",73.58572804927826,25.943599428295396,10
6469658,70.76292073726654,"2022-11-17 08:01:28","Laurin R 90","","SI",73.58572804927826,25.943599428295396,10
6480300,70.6589549779892,"2022-11-17 08:01:28","Laurin R 90","","SI",73.58572804927826,25.943599428295396,10
6490943,70.53001821041107,"2022-11-17 08:01:28","Laurin R 90","","SI",73.58572804927826,25.943599428295396,10
6501588,70.39487874507904,"2022-11-17 08:01:28","Laurin R 90","","SI",73.58572804927826,25.943599428295396,10
6512232,70.2863963842392,"2022-11-17 08:01:28","Laurin R 90","","SI",73.58572804927826,25.943599428295396,10
6533521,69.78534352779388,"2022-11-17 08:01:28","Laurin R 90","","SI",73.58572804927826,25.943599428295396,10
6544166,69.22372090816498,"2022-11-17 08:01:28","Laurin R 90","","SI",73.58572804927826,25.943599428295396,10
6554810,68.42330586910248,"2022-11-17 08:01:28","Laurin R 90","","SI",73.58572804927826,25.943599428295396,10
6565456,67.54983937740326,"2022-11-17 08:01:28","Laurin R 90","","SI",73.58572804927826,25.943599428295396,10
6576101,66.76916921138763,"2022-11-17 08:01:28","Laurin R 90","","SI",73.58572804927826,25.943599428295396,10
6586746,65.98987996578217,"2022-11-17 08:01:28","Laurin R 90","","SI",73.58572804927826,25.943599428295396,10
6597391,65.07651174068451,"2022-11-17 08:01:28","Laurin R 90","","SI",73.58572804927826,25.943599428295396,10
6608035,63.87900960445404,"2022-11-17 08:01:28","Laurin R 90","","SI",73.58572804927826,25.943599428295396,10
6618678,62.350353598594666,"2022-11-17 08:01:28","Laurin R 90","","SI",73.58572804927826,25.943599428295396,10
6629323,60.5045360326767,"2022-11-17 08:01:28","Laurin R 90","","SI",73.58572804927826,25.943599428295396,10
6639967,58.328224539756775,"2022-11-17 08:01:28","Laurin R 90","","SI",73.58572804927826,25.943599428295396,10
6650612,55.98945653438568,"2022-11-17 08:01:28","Laurin R 90","","SI",73.58572804927826,25.943599428295396,10
6661256,53.51418340206146,"2022-11-17 08:01:28","Laurin R 90","","SI",73.58572804927826,25.943599428295396,10
6671902,50.84935414791107,"2022-11-17 08:01:28","Laurin R 90","","SI",73.58572804927826,25.943599428295396,10
6682547,48.41180074214935,"2022-11-17 08:01:28","Laurin R 90","","SI",73.58572804927826,25.943599428295396,10
6703837,45.00075566768646,"2022-11-17 08:01:28","Laurin R 90","","SI",73.58572804927826,25.943599428295396,10
6714480,43.788376212120056,"2022-11-17 08:01:28","Laurin R 90","","SI",73.58572804927826,25.943599428295396,10
6725126,42.81204640865326,"2022-11-17 08:01:28","Laurin R 90","","SI",73.58572804927826,25.943599428295396,10
6735771,41.59404408931732,"2022-11-17 08:01:28","Laurin R 90","","SI",73.58572804927826,25.943599428295396,10
6746416,40.238205313682556,"2022-11-17 08:01:28","Laurin R 90","","SI",73.58572804927826,25.943599428295396,10
6757061,38.790226340293884,"2022-11-17 08:01:28","Laurin R 90","","SI",73.58572804927826,25.943599428295396,10
6767705,37.154552817344666,"2022-11-17 08:01:28","Laurin R 90","","SI",73.58572804927826,25.943599428295396,10
6778349,35.66977345943451,"2022-11-17 08:01:28","Laurin R 90","","SI",73.58572804927826,25.943599428295396,10
6788994,34.50167500972748,"2022-11-17 08:01:28","Laurin R 90","","SI",73.58572804927826,25.943599428295396,10
6799637,33.432316184043884,"2022-11-17 08:01:28","Laurin R 90","","SI",73.58572804927826,25.943599428295396,10
6810281,32.38283956050873,"2022-11-17 08:01:28","Laurin R 90","","SI",73.58572804927826,25.943599428295396,10
6820924,31.602348685264587,"2022-11-17 08:01:28","Laurin R 90","","SI",73.58572804927826,25.943599428295396,10
6831569,31.047191977500916,"2022-11-17 08:01:28","Laurin R 90","","SI",73.58572804927826,25.943599428295396,10
6842214,30.367212653160095,"2022-11-17 08:01:28","Laurin R 90","","SI",73.58572804927826,25.943599428295396,10
6852859,29.495909094810486,"2022-11-17 08:01:28","Laurin R 90","","SI",73.58572804927826,25.943599428295396,10
6874146,27.367950797080994,"2022-11-17 08:01:28","Laurin R 90","","SI",73.58572804927826,25.943599428295396,10
6884791,26.58263623714447,"2022-11-17 08:01:28","Laurin R 90","","SI",73.58572804927826,25.943599428295396,10
6895436,26.11749494075775,"2022-11-17 08:01:28","Laurin R 90","","SI",73.58572804927826,25.943599428295396,10
6906081,25.84248387813568,"2022-11-17 08:01:28","Laurin R 90","","SI",73.58572804927826,25.943599428295396,10
6916725,25.468777060508728,"2022-11-17 08:01:28","Laurin R 90","","SI",73.58572804927826,25.943599428295396,10
6927368,24.970693945884705,"2022-11-17 08:01:28","Laurin R 90","","SI",73.58572804927826,25.943599428295396,10
6938012,24.294302344322205,"2022-11-17 08:01:28","Laurin R 90","","SI",73.58572804927826,25.943599428295396,10
6948657,23.513901114463806,"2022-11-17 08:01:28","Laurin R 90","","SI",73.58572804927826,25.943599428295396,10
6969946,22.261894583702087,"2022-11-17 08:01:28","Laurin R 90","","SI",73.58572804927826,25.943599428295396,10
6980590,21.839260458946228,"2022-11-17 08:01:28","Laurin R 90","","SI",73.58572804927826,25.943599428295396,10
6991236,21.588602423667908,"2022-11-17 08:01:28","Laurin R 90","","SI",73.58572804927826,25.943599428295396,10
7001879,21.38833463191986,"2022-11-17 08:01:28","Laurin R 90","","SI",73.58572804927826,25.943599428295396,10
7012522,21.005417227745056,"2022-11-17 08:01:28","Laurin R 90","","SI",73.58572804927826,25.943599428295396,10
7023166,20.413597464561462,"2022-11-17 08:01:28","Laurin R 90","","SI",73.58572804927826,25.943599428295396,10
7033811,19.702446341514587,"2022-11-17 08:01:28","Laurin R 90","","SI",73.58572804927826,25.943599428295396,10
7055098,18.318891882896423,"2022-11-17 08:01:28","Laurin R 90","","SI",73.58572804927826,25.943599428295396,10
7065740,17.875755667686462,"2022-11-17 08:01:28","Laurin R 90","","SI",73.58572804927826,25.943599428295396,10
7076384,17.607210516929626,"2022-11-17 08:01:28","Laurin R 90","","SI",73.58572804927826,25.943599428295396,10
7087028,17.430275321006775,"2022-11-17 08:01:28","Laurin R 90","","SI",73.58572804927826,25.943599428295396,10
7097671,17.371118903160095,"2022-11-17 08:01:28","Laurin R 90","","SI",73.58572804927826,25.943599428295396,10
7108315,17.104654669761658,"2022-11-17 08:01:28","Laurin R 90","","SI",73.58572804927826,25.943599428295396,10
7118959,16.563133597373962,"2022-11-17 08:01:28","Laurin R 90","","SI",73.58572804927826,25.943599428295396,10
7129601,15.915125250816345,"2022-11-17 08:01:28","Laurin R 90","","SI",73.58572804927826,25.943599428295396,10
7140243,15.20530354976654,"2022-11-17 08:01:28","Laurin R 90","","SI",73.58572804927826,25.943599428295396,10
7150885,14.40236508846283,"2022-11-17 08:01:28","Laurin R 90","","SI",73.58572804927826,25.943599428295396,10
7161528,13.659024596214294,"2022-11-17 08:01:28","Laurin R 90","","SI",73.58572804927826,25.943599428295396,10
7172171,13.042054533958435,"2022-11-17 08:01:28","Laurin R 90","","SI",73.58572804927826,25.943599428295396,10
7182815,12.535026907920837,"2022-11-17 08:01:28","Laurin R 90","","SI",73.58572804927826,25.943599428295396,10
7193459,12.02135694026947,"2022-11-17 08:01:28","Laurin R 90","","SI",73.58572804927826,25.943599428295396,10
7204103,11.424621939659119,"2022-11-17 08:01:28","Laurin R 90","","SI",73.58572804927826,25.943599428295396,10
7225391,9.973142981529236,"2022-11-17 08:01:28","Laurin R 90","","SI",73.58572804927826,25.943599428295396,10
7236034,9.143726706504822,"2022-11-17 08:01:28","Laurin R 90","","SI",73.58572804927826,25.943599428295396,10
7246678,8.320465445518494,"2022-11-17 08:01:28","Laurin R 90","","SI",73.58572804927826,25.943599428295396,10
7257323,7.492332816123962,"2022-11-17 08:01:28","Laurin R 90","","SI",73.58572804927826,25.943599428295396,10
7267970,6.7098506689071655,"2022-11-17 08:01:28","Laurin R 90","","SI",73.58572804927826,25.943599428295396,10
7278615,6.017386794090271,"2022-11-17 08:01:28","Laurin R 90","","SI",73.58572804927826,25.943599428295396,10
7289259,5.420474410057068,"2022-11-17 08:01:28","Laurin R 90","","SI",73.58572804927826,25.943599428295396,10
7299902,4.92030942440033,"2022-11-17 08:01:28","Laurin R 90","","SI",73.58572804927826,25.943599428295396,10
7310547,4.445294737815857,"2022-11-17 08:01:28","Laurin R 90","","SI",73.58572804927826,25.943599428295396,10
7321192,4.0326231718063354,"2022-11-17 08:01:28","Laurin R 90","","SI",73.58572804927826,25.943599428295396,10
7331834,3.6742810010910034,"2022-11-17 08:01:28","Laurin R 90","","SI",73.58572804927826,25.943599428295396,10
7342479,3.3424614667892456,"2022-11-17 08:01:28","Laurin R 90","","SI",73.58572804927826,25.943599428295396,10
7353124,2.98659884929657,"2022-11-17 08:01:28","Laurin R 90","","SI",73.58572804927826,25.943599428295396,10
7363769,2.6779364347457886,"2022-11-17 08:01:28","Laurin R 90","","SI",73.58572804927826,25.943599428295396,10
7374412,2.4317063093185425,"2022-11-17 08:01:28","Laurin R 90","","SI",73.58572804927826,25.943599428295396,10
7395699,2.0006593465805054,"2022-11-17 08:01:28","Laurin R 90","","SI",73.58572804927826,25.943599428295396,10
7406344,1.8168612718582153,"2022-11-17 08:01:28","Laurin R 90","","SI",73.58572804927826,25.943599428295396,10
7416987,1.6120752096176147,"2022-11-17 08:01:28","Laurin R 90","","SI",73.58572804927826,25.943599428295396,10
7427632,1.3921018838882446,"2022-11-17 08:01:28","Laurin R 90","","SI",73.58572804927826,25.943599428295396,10
7438278,1.2037431001663208,"2022-11-17 08:01:28","Laurin R 90","","SI",73.58572804927826,25.943599428295396,10
7448923,1.1575168371200562,"2022-11-17 08:01:28","Laurin R 90","","SI",73.58572804927826,25.943599428295396,10
7459566,1.2224725484848022,"2022-11-17 08:01:28","Laurin R 90","","SI",73.58572804927826,25.943599428295396,10
7470210,1.0773292779922485,"2022-11-17 08:01:28","Laurin R 90","","SI",73.58572804927826,25.943599428295396,10
7480854,1.1394954919815063,"2022-11-17 08:01:28","Laurin R 90","","SI",73.58572804927826,25.943599428295396,10
7491498,1.0725473165512085,"2022-11-17 08:01:28","Laurin R 90","","SI",73.58572804927826,25.943599428295396,10
7502143,0.8788307905197144,"2022-11-17 08:01:28","Laurin R 90","","SI",73.58572804927826,25.943599428295396,10
7512788,0.8547877073287964,"2022-11-17 08:01:28","Laurin R 90","","SI",73.58572804927826,25.943599428295396,10
7523431,0.7311192750930786,"2022-11-17 08:01:28","Laurin R 90","","SI",73.58572804927826,25.943599428295396,10
7534074,0.6301208734512329,"2022-11-17 08:01:28","Laurin R 90","","SI",73.58572804927826,25.943599428295396,10
7544719,0.6520386934280396,"2022-11-17 08:01:28","Laurin R 90","","SI",73.58572804927826,25.943599428295396,10
7566008,0.5821236371994019,"2022-11-17 08:01:28","Laurin R 90","","SI",73.58572804927826,25.943599428295396,10
7576652,0.5770758390426636,"2022-11-17 08:01:28","Laurin R 90","","SI",73.58572804927826,25.943599428295396,10
7587296,0.5310267210006714,"2022-11-17 08:01:28","Laurin R 90","","SI",73.58572804927826,25.943599428295396,10
7597941,0.4827193021774292,"2022-11-17 08:01:28","Laurin R 90","","SI",73.58572804927826,25.943599428295396,10
7608584,0.45854341983795166,"2022-11-17 08:01:28","Laurin R 90","","SI",73.58572804927826,25.943599428295396,10
7619226,0.4155937433242798,"2022-11-17 08:01:28","Laurin R 90","","SI",73.58572804927826,25.943599428295396,10
7629866,0.3960229158401489,"2022-11-17 08:01:28","Laurin R 90","","SI",73.58572804927826,25.943599428295396,10
7640508,0.387831449508667,"2022-11-17 08:01:28","Laurin R 90","","SI",73.58572804927826,25.943599428295396,10
7651153,0.38521909713745117,"2022-11-17 08:01:28","Laurin R 90","","SI",73.58572804927826,25.943599428295396,10
7661798,0.3992551565170288,"2022-11-17 08:01:28","Laurin R 90","","SI",73.58572804927826,25.943599428295396,10
7672443,0.38796424865722656,"2022-11-17 08:01:28","Laurin R 90","","SI",73.58572804927826,25.943599428295396,10
7683087,0.31198322772979736,"2022-11-17 08:01:28","Laurin R 90","","SI",73.58572804927826,25.943599428295396,10
7693731,0.20518457889556885,"2022-11-17 08:01:28","Laurin R 90","","SI",73.58572804927826,25.943599428295396,10
7704375,0.12517404556274414,"2022-11-17 08:01:28","Laurin R 90","","SI",73.58572804927826,25.943599428295396,10
7715018,0.09023869037628174,"2022-11-17 08:01:28","Laurin R 90","","SI",73.58572804927826,25.943599428295396,10
7736308,0.045030832290649414,"2022-11-17 08:01:28","Laurin R 90","","SI",73.58572804927826,25.943599428295396,10
7746954,0.03400564193725586,"2022-11-17 08:01:28","Laurin R 90","","SI",73.58572804927826,25.943599428295396,10
7757597,0.05955398082733154,"2022-11-17 08:01:28","Laurin R 90","","SI",73.58572804927826,25.943599428295396,10
7768241,0.07819509506225586,"2022-11-17 08:01:28","Laurin R 90","","SI",73.58572804927826,25.943599428295396,10
7778886,0.04224133491516113,"2022-11-17 08:01:28","Laurin R 90","","SI",73.58572804927826,25.943599428295396,10
7789531,0.03497970104217529,"2022-11-17 08:01:28","Laurin R 90","","SI",73.58572804927826,25.943599428295396,10
7800176,0.05193817615509033,"2022-11-17 08:01:28","Laurin R 90","","SI",73.58572804927826,25.943599428295396,10
7810819,0.05694162845611572,"2022-11-17 08:01:28","Laurin R 90","","SI",73.58572804927826,25.943599428295396,10
7821462,0.04379105567932129,"2022-11-17 08:01:28","Laurin R 90","","SI",73.58572804927826,25.943599428295396,10
7832106,0.04675769805908203,"2022-11-17 08:01:28","Laurin R 90","","SI",73.58572804927826,25.943599428295396,10
7842749,0.03657376766204834,"2022-11-17 08:01:28","Laurin R 90","","SI",73.58572804927826,25.943599428295396,10
7853393,0.055347561836242676,"2022-11-17 08:01:28","Laurin R 90","","SI",73.58572804927826,25.943599428295396,10
7864037,0.05707442760467529,"2022-11-17 08:01:28","Laurin R 90","","SI",73.58572804927826,25.943599428295396,10
7874682,0.06309628486633301,"2022-11-17 08:01:28","Laurin R 90","","SI",73.58572804927826,25.943599428295396,10
7885327,0.07345736026763916,"2022-11-17 08:01:28","Laurin R 90","","SI",73.58572804927826,25.943599428295396,10
7906615,0.05902266502380371,"2022-11-17 08:01:28","Laurin R 90","","SI",73.58572804927826,25.943599428295396,10
7917261,0.06699275970458984,"2022-11-17 08:01:28","Laurin R 90","","SI",73.58572804927826,25.943599428295396,10
7927907,0.07815086841583252,"2022-11-17 08:01:28","Laurin R 90","","SI",73.58572804927826,25.943599428295396,10
7938552,0.08280003070831299,"2022-11-17 08:01:28","Laurin R 90","","SI",73.58572804927826,25.943599428295396,10
7949196,0.07221758365631104,"2022-11-17 08:01:28","Laurin R 90","","SI",73.58572804927826,25.943599428295396,10
7959841,0.05694162845611572,"2022-11-17 08:01:28","Laurin R 90","","SI",73.58572804927826,25.943599428295396,10
7970486,0.06646144390106201,"2022-11-17 08:01:28","Laurin R 90","","SI",73.58572804927826,25.943599428295396,10
7981130,0.04821884632110596,"2022-11-17 08:01:28","Laurin R 90","","SI",73.58572804927826,25.943599428295396,10
7991774,0.03599810600280762,"2022-11-17 08:01:28","Laurin R 90","","SI",73.58572804927826,25.943599428295396,10
8002419,0.05946552753448486,"2022-11-17 08:01:28","Laurin R 90","","SI",73.58572804927826,25.943599428295396,10
8013063,0.05393075942993164,"2022-11-17 08:01:28","Laurin R 90","","SI",73.58572804927826,25.943599428295396,10
8023707,0.04937005043029785,"2022-11-17 08:01:28","Laurin R 90","","SI",73.58572804927826,25.943599428295396,10
8034352,0.038079142570495605,"2022-11-17 08:01:28","Laurin R 90","","SI",73.58572804927826,25.943599428295396,10
8044997,0.03356277942657471,"2022-11-17 08:01:28","Laurin R 90","","SI",73.58572804927826,25.943599428295396,10
8055642,0.031216025352478027,"2022-11-17 08:01:28","Laurin R 90","","SI",73.58572804927826,25.943599428295396,10
8076930,0.03219020366668701,"2022-11-17 08:01:28","Laurin R 90","","SI",73.58572804927826,25.943599428295396,10
8087574,0.03670656681060791,"2022-11-17 08:01:28","Laurin R 90","","SI",73.58572804927826,25.943599428295396,10
8098219,0.03205740451812744,"2022-11-17 08:01:28","Laurin R 90","","SI",73.58572804927826,25.943599428295396,10
8108865,0.022891759872436523,"2022-11-17 08:01:28","Laurin R 90","","SI",73.58572804927826,25.943599428295396,10
8119510,0.04383528232574463,"2022-11-17 08:01:28","Laurin R 90","","SI",73.58572804927826,25.943599428295396,10
8130154,0.03126037120819092,"2022-11-17 08:01:28","Laurin R 90","","SI",73.58572804927826,25.943599428295396,10
8140798,0.030906081199645996,"2022-11-17 08:01:28","Laurin R 90","","SI",73.58572804927826,25.943599428295396,10
8151442,0.028028011322021484,"2022-11-17 08:01:28","Laurin R 90","","SI",73.58572804927826,25.943599428295396,10
8162086,0.0007969141006469727,"2022-11-17 08:01:28","Laurin R 90","","SI",73.58572804927826,25.943599428295396,10
8172731,0.010582447052001953,"2022-11-17 08:01:28","Laurin R 90","","SI",73.58572804927826,25.943599428295396,10
8183376,0.000531315803527832,"2022-11-17 08:01:28","Laurin R 90","","SI",73.58572804927826,25.943599428295396,10
8194020,0.010449528694152832,"2022-11-17 08:01:28","Laurin R 90","","SI",73.58572804927826,25.943599428295396,10
8204665,0.010582447052001953,"2022-11-17 08:01:28","Laurin R 90","","SI",73.58572804927826,25.943599428295396,10
8215310,0.014390349388122559,"2022-11-17 08:01:28","Laurin R 90","","SI",73.58572804927826,25.943599428295396,10
8225954,0.021076321601867676,"2022-11-17 08:01:28","Laurin R 90","","SI",73.58572804927826,25.943599428295396,10
8247241,0.010449528694152832,"2022-11-17 08:01:28","Laurin R 90","","SI",73.58572804927826,25.943599428295396,10
8257885,0.009918212890625,"2022-11-17 08:01:28","Laurin R 90","","SI",73.58572804927826,25.943599428295396,10
8268529,0.003542184829711914,"2022-11-17 08:01:28","Laurin R 90","","SI",73.58572804927826,25.943599428295396,10
8279174,0.00487065315246582,"2022-11-17 08:01:28","Laurin R 90","","SI",73.58572804927826,25.943599428295396,10
8289818,0.01704704761505127,"2022-11-17 08:01:28","Laurin R 90","","SI",73.58572804927826,25.943599428295396,10
8300462,0.018109798431396484,"2022-11-17 08:01:28","Laurin R 90","","SI",73.58572804927826,25.943599428295396,10
8311108,0.006021857261657715,"2022-11-17 08:01:28","Laurin R 90","","SI",73.58572804927826,25.943599428295396,10
8321753,0.021297812461853027,"2022-11-17 08:01:28","Laurin R 90","","SI",73.58572804927826,25.943599428295396,10
8332398,0.0336071252822876,"2022-11-17 08:01:28","Laurin R 90","","SI",73.58572804927826,25.943599428295396,10
8343043,0.04365825653076172,"2022-11-17 08:01:28","Laurin R 90","","SI",73.58572804927826,25.943599428295396,10
8353687,0.05450630187988281,"2022-11-17 08:01:28","Laurin R 90","","SI",73.58572804927826,25.943599428295396,10
8364332,0.03980600833892822,"2022-11-17 08:01:28","Laurin R 90","","SI",73.58572804927826,25.943599428295396,10
8374978,0.03940749168395996,"2022-11-17 08:01:28","Laurin R 90","","SI",73.58572804927826,25.943599428295396,10
8385623,0.0473332405090332,"2022-11-17 08:01:28","Laurin R 90","","SI",73.58572804927826,25.943599428295396,10
8396268,0.03918612003326416,"2022-11-17 08:01:28","Laurin R 90","","SI",73.58572804927826,25.943599428295396,10
8417557,0.02966630458831787,"2022-11-17 08:01:28","Laurin R 90","","SI",73.58572804927826,25.943599428295396,10
8428200,0.03369569778442383,"2022-11-17 08:01:28","Laurin R 90","","SI",73.58572804927826,25.943599428295396,10
8438843,0.024972915649414062,"2022-11-17 08:01:28","Laurin R 90","","SI",73.58572804927826,25.943599428295396,10
8449486,0.012707829475402832,"2022-11-17 08:01:28","Laurin R 90","","SI",73.58572804927826,25.943599428295396,10
8470774,0.00030994415283203125,"2022-11-17 08:01:28","Laurin R 90","","SI",73.58572804927826,25.943599428295396,10
8481417,0.007438778877258301,"2022-11-17 08:01:28","Laurin R 90","","SI",73.58572804927826,25.943599428295396,10
8492060,0.0018596649169921875,"2022-11-17 08:01:28","Laurin R 90","","SI",73.58572804927826,25.943599428295396,10
8502702,0.0071288347244262695,"2022-11-17 08:01:28","Laurin R 90","","SI",73.58572804927826,25.943599428295396,10
8513346,0.010582566261291504,"2022-11-17 08:01:28","Laurin R 90","","SI",73.58572804927826,25.943599428295396,10
8523991,0.010936737060546875,"2022-11-17 08:01:28","Laurin R 90","","SI",73.58572804927826,25.943599428295396,10
8534635,0.015541672706604004,"2022-11-17 08:01:28","Laurin R 90","","SI",73.58572804927826,25.943599428295396,10
8545279,0.026256918907165527,"2022-11-17 08:01:28","Laurin R 90","","SI",73.58572804927826,25.943599428295396,10
8555922,0.03219020366668701,"2022-11-17 08:01:28","Laurin R 90","","SI",73.58572804927826,25.943599428295396,10
8566566,0.025902748107910156,"2022-11-17 08:01:28","Laurin R 90","","SI",73.58572804927826,25.943599428295396,10
8577210,0.015098929405212402,"2022-11-17 08:01:28","Laurin R 90","","SI",73.58572804927826,25.943599428295396,10
8598501,0.0002655982971191406,"2022-11-17 08:01:28","Laurin R 90","","SI",73.58572804927826,25.943599428295396,10
8609146,0.01979231834411621,"2022-11-17 08:01:28","Laurin R 90","","SI",73.58572804927826,25.943599428295396,10
8619790,0.022847533226013184,"2022-11-17 08:01:28","Laurin R 90","","SI",73.58572804927826,25.943599428295396,10
8630435,0.013283491134643555,"2022-11-17 08:01:28","Laurin R 90","","SI",73.58572804927826,25.943599428295396,10
8641079,0.0016826391220092773,"2022-11-17 08:01:28","Laurin R 90","","SI",73.58572804927826,25.943599428295396,10
8651723,0.005800366401672363,"2022-11-17 08:01:28","Laurin R 90","","SI",73.58572804927826,25.943599428295396,10
8662365,0.0035865306854248047,"2022-11-17 08:01:28","Laurin R 90","","SI",73.58572804927826,25.943599428295396,10
8673008,0.012884974479675293,"2022-11-17 08:01:28","Laurin R 90","","SI",73.58572804927826,25.943599428295396,10
8683652,0.010316848754882812,"2022-11-17 08:01:28","Laurin R 90","","SI",73.58572804927826,25.943599428295396,10
8694296,0.010493993759155273,"2022-11-17 08:01:28","Laurin R 90","","SI",73.58572804927826,25.943599428295396,10
8704939,0.006951689720153809,"2022-11-17 08:01:28","Laurin R 90","","SI",73.58572804927826,25.943599428295396,10
8715582,0.0018597841262817383,"2022-11-17 08:01:28","Laurin R 90","","SI",73.58572804927826,25.943599428295396,10
8726226,0.018154025077819824,"2022-11-17 08:01:28","Laurin R 90","","SI",73.58572804927826,25.943599428295396,10
8736869,0.02169632911682129,"2022-11-17 08:01:28","Laurin R 90","","SI",73.58572804927826,25.943599428295396,10
8747513,0.012840747833251953,"2022-11-17 08:01:28","Laurin R 90","","SI",73.58572804927826,25.943599428295396,10
8768802,0.042551279067993164,"2022-11-17 08:01:28","Laurin R 90","","SI",73.58572804927826,25.943599428295396,10
8779446,0.05424070358276367,"2022-11-17 08:01:28","Laurin R 90","","SI",73.58572804927826,25.943599428295396,10
8790089,0.06097090244293213,"2022-11-17 08:01:28","Laurin R 90","","SI",73.58572804927826,25.943599428295396,10
8800733,0.060173869132995605,"2022-11-17 08:01:28","Laurin R 90","","SI",73.58572804927826,25.943599428295396,10
8811378,0.05946552753448486,"2022-11-17 08:01:28","Laurin R 90","","SI",73.58572804927826,25.943599428295396,10
8822023,0.049945712089538574,"2022-11-17 08:01:28","Laurin R 90","","SI",73.58572804927826,25.943599428295396,10
8832666,0.04086863994598389,"2022-11-17 08:01:28","Laurin R 90","","SI",73.58572804927826,25.943599428295396,10
8843310,0.04140007495880127,"2022-11-17 08:01:28","Laurin R 90","","SI",73.58572804927826,25.943599428295396,10
8853954,0.04693484306335449,"2022-11-17 08:01:28","Laurin R 90","","SI",73.58572804927826,25.943599428295396,10
8864597,0.04866158962249756,"2022-11-17 08:01:28","Laurin R 90","","SI",73.58572804927826,25.943599428295396,10
8875242,0.055170536041259766,"2022-11-17 08:01:28","Laurin R 90","","SI",73.58572804927826,25.943599428295396,10
8885886,0.045340776443481445,"2022-11-17 08:01:28","Laurin R 90","","SI",73.58572804927826,25.943599428295396,10
8896530,0.037990570068359375,"2022-11-17 08:01:28","Laurin R 90","","SI",73.58572804927826,25.943599428295396,10
8907174,0.03453695774078369,"2022-11-17 08:01:28","Laurin R 90","","SI",73.58572804927826,25.943599428295396,10
8917819,0.033297181129455566,"2022-11-17 08:01:28","Laurin R 90","","SI",73.58572804927826,25.943599428295396,10
8939106,0.04432237148284912,"2022-11-17 08:01:28","Laurin R 90","","SI",73.58572804927826,25.943599428295396,10
8949752,0.043215394020080566,"2022-11-17 08:01:28","Laurin R 90","","SI",73.58572804927826,25.943599428295396,10
8960396,0.040115952491760254,"2022-11-17 08:01:28","Laurin R 90","","SI",73.58572804927826,25.943599428295396,10
8971038,0.0171356201171875,"2022-11-17 08:01:28","Laurin R 90","","SI",73.58572804927826,25.943599428295396,10
8981682,0.005003452301025391,"2022-11-17 08:01:28","Laurin R 90","","SI",73.58572804927826,25.943599428295396,10
8992327,0.013239145278930664,"2022-11-17 08:01:28","Laurin R 90","","SI",73.58572804927826,25.943599428295396,10
9002972,0.014124751091003418,"2022-11-17 08:01:28","Laurin R 90","","SI",73.58572804927826,25.943599428295396,10
9013615,0.017622709274291992,"2022-11-17 08:01:28","Laurin R 90","","SI",73.58572804927826,25.943599428295396,10
9024259,0.025681376457214355,"2022-11-17 08:01:28","Laurin R 90","","SI",73.58572804927826,25.943599428295396,10
9034903,0.002081155776977539,"2022-11-17 08:01:28","Laurin R 90","","SI",73.58572804927826,25.943599428295396,10
9045546,0.00730586051940918,"2022-11-17 08:01:28","Laurin R 90","","SI",73.58572804927826,25.943599428295396,10
9056188,0.014567375183105469,"2022-11-17 08:01:28","Laurin R 90","","SI",73.58572804927826,25.943599428295396,10
9066832,0.013371944427490234,"2022-11-17 08:01:28","Laurin R 90","","SI",73.58572804927826,25.943599428295396,10
9077477,0.011512279510498047,"2022-11-17 08:01:28","Laurin R 90","","SI",73.58572804927826,25.943599428295396,10
9088122,0.030463218688964844,"2022-11-17 08:01:28","Laurin R 90","","SI",73.58572804927826,25.943599428295396,10
9109411,0.033562660217285156,"2022-11-17 08:01:28","Laurin R 90","","SI",73.58572804927826,25.943599428295396,10
9120055,0.028426408767700195,"2022-11-17 08:01:28","Laurin R 90","","SI",73.58572804927826,25.943599428295396,10
9130701,0.030861735343933105,"2022-11-17 08:01:28","Laurin R 90","","SI",73.58572804927826,25.943599428295396,10
9141345,0.015364408493041992,"2022-11-17 08:01:28","Laurin R 90","","SI",73.58572804927826,25.943599428295396,10
9151988,0.010360956192016602,"2022-11-17 08:01:28","Laurin R 90","","SI",73.58572804927826,25.943599428295396,10
9162631,0.005269050598144531,"2022-11-17 08:01:28","Laurin R 90","","SI",73.58572804927826,25.943599428295396,10
9173276,0.016117215156555176,"2022-11-17 08:01:28","Laurin R 90","","SI",73.58572804927826,25.943599428295396,10
9183921,0.0333857536315918,"2022-11-17 08:01:28","Laurin R 90","","SI",73.58572804927826,25.943599428295396,10
9194565,0.0344926118850708,"2022-11-17 08:01:28","Laurin R 90","","SI",73.58572804927826,25.943599428295396,10
9205210,0.03157031536102295,"2022-11-17 08:01:28","Laurin R 90","","SI",73.58572804927826,25.943599428295396,10
9215853,0.031038999557495117,"2022-11-17 08:01:28","Laurin R 90","","SI",73.58572804927826,25.943599428295396,10
9226498,0.03945183753967285,"2022-11-17 08:01:28","Laurin R 90","","SI",73.58572804927826,25.943599428295396,10
9237143,0.03706073760986328,"2022-11-17 08:01:28","Laurin R 90","","SI",73.58572804927826,25.943599428295396,10
9247788,0.023998737335205078,"2022-11-17 08:01:28","Laurin R 90","","SI",73.58572804927826,25.943599428295396,10
9258432,0.02669966220855713,"2022-11-17 08:01:28","Laurin R 90","","SI",73.58572804927826,25.943599428295396,10
9279722,0.017711281776428223,"2022-11-17 08:01:28","Laurin R 90","","SI",73.58572804927826,25.943599428295396,10
9290367,0.03710508346557617,"2022-11-17 08:01:28","Laurin R 90","","SI",73.58572804927826,25.943599428295396,10
9301012,0.030684709548950195,"2022-11-17 08:01:28","Laurin R 90","","SI",73.58572804927826,25.943599428295396,10
9311655,0.01664865016937256,"2022-11-17 08:01:28","Laurin R 90","","SI",73.58572804927826,25.943599428295396,10
9322298,0.013372063636779785,"2022-11-17 08:01:28","Laurin R 90","","SI",73.58572804927826,25.943599428295396,10
9332943,0.020146608352661133,"2022-11-17 08:01:28","Laurin R 90","","SI",73.58572804927826,25.943599428295396,10
9343586,0.02913498878479004,"2022-11-17 08:01:28","Laurin R 90","","SI",73.58572804927826,25.943599428295396,10
9354230,0.020456552505493164,"2022-11-17 08:01:28","Laurin R 90","","SI",73.58572804927826,25.943599428295396,10
9364874,0.0171356201171875,"2022-11-17 08:01:28","Laurin R 90","","SI",73.58572804927826,25.943599428295396,10
9375520,0.013770580291748047,"2022-11-17 08:01:28","Laurin R 90","","SI",73.58572804927826,25.943599428295396,10
9386164,0.005756258964538574,"2022-11-17 08:01:28","Laurin R 90","","SI",73.58572804927826,25.943599428295396,10
9396808,0.008811235427856445,"2022-11-17 08:01:28","Laurin R 90","","SI",73.58572804927826,25.943599428295396,10
9407453,0.010715246200561523,"2022-11-17 08:01:28","Laurin R 90","","SI",73.58572804927826,25.943599428295396,10
9418098,0.0008413791656494141,"2022-11-17 08:01:28","Laurin R 90","","SI",73.58572804927826,25.943599428295396,10
9428741,0.025769829750061035,"2022-11-17 08:01:28","Laurin R 90","","SI",73.58572804927826,25.943599428295396,10
9450029,0.005756258964538574,"2022-11-17 08:01:28","Laurin R 90","","SI",73.58572804927826,25.943599428295396,10
9460671,0.0016825199127197266,"2022-11-17 08:01:28","Laurin R 90","","SI",73.58572804927826,25.943599428295396,10
9471315,0.0024352073669433594,"2022-11-17 08:01:28","Laurin R 90","","SI",73.58572804927826,25.943599428295396,10
9481958,0.008767127990722656,"2022-11-17 08:01:28","Laurin R 90","","SI",73.58572804927826,25.943599428295396,10
9492601,0.006818890571594238,"2022-11-17 08:01:28","Laurin R 90","","SI",73.58572804927826,25.943599428295396,10
9503244,0.01208794116973877,"2022-11-17 08:01:28","Laurin R 90","","SI",73.58572804927826,25.943599428295396,10
9513887,0.008501410484313965,"2022-11-17 08:01:28","Laurin R 90","","SI",73.58572804927826,25.943599428295396,10
9524531,0.010051131248474121,"2022-11-17 08:01:28","Laurin R 90","","SI",73.58572804927826,25.943599428295396,10
9535174,0.01957094669342041,"2022-11-17 08:01:28","Laurin R 90","","SI",73.58572804927826,25.943599428295396,10
9545817,0.023024678230285645,"2022-11-17 08:01:28","Laurin R 90","","SI",73.58572804927826,25.943599428295396,10
9556459,0.02470719814300537,"2022-11-17 08:01:28","Laurin R 90","","SI",73.58572804927826,25.943599428295396,10
9567103,0.04879450798034668,"2022-11-17 08:01:28","Laurin R 90","","SI",73.58572804927826,25.943599428295396,10
9577748,0.06411468982696533,"2022-11-17 08:01:28","Laurin R 90","","SI",73.58572804927826,25.943599428295396,10
9588392,0.0701364278793335,"2022-11-17 08:01:28","Laurin R 90","","SI",73.58572804927826,25.943599428295396,10
9609682,0.07695531845092773,"2022-11-17 08:01:28","Laurin R 90","","SI",73.58572804927826,25.943599428295396,10
9630972,0.07598114013671875,"2022-11-17 08:01:28","Laurin R 90","","SI",73.58572804927826,25.943599428295396,10
9641617,0.07589268684387207,"2022-11-17 08:01:28","Laurin R 90","","SI",73.58572804927826,25.943599428295396,10
9652262,0.06659424304962158,"2022-11-17 08:01:28","Laurin R 90","","SI",73.58572804927826,25.943599428295396,10
9662908,0.06818819046020508,"2022-11-17 08:01:28","Laurin R 90","","SI",73.58572804927826,25.943599428295396,10
9673553,0.06278634071350098,"2022-11-17 08:01:28","Laurin R 90","","SI",73.58572804927826,25.943599428295396,10
9684198,0.07018077373504639,"2022-11-17 08:01:28","Laurin R 90","","SI",73.58572804927826,25.943599428295396,10
9694843,0.06792259216308594,"2022-11-17 08:01:28","Laurin R 90","","SI",73.58572804927826,25.943599428295396,10
9705488,0.05193817615509033,"2022-11-17 08:01:28","Laurin R 90","","SI",73.58572804927826,25.943599428295396,10
9716132,0.047510385513305664,"2022-11-17 08:01:28","Laurin R 90","","SI",73.58572804927826,25.943599428295396,10
9726778,0.06105947494506836,"2022-11-17 08:01:28","Laurin R 90","","SI",73.58572804927826,25.943599428295396,10
9737422,0.06624007225036621,"2022-11-17 08:01:28","Laurin R 90","","SI",73.58572804927826,25.943599428295396,10
9748067,0.05468344688415527,"2022-11-17 08:01:28","Laurin R 90","","SI",73.58572804927826,25.943599428295396,10
9758712,0.04702329635620117,"2022-11-17 08:01:28","Laurin R 90","","SI",73.58572804927826,25.943599428295396,10
9769355,0.047466158866882324,"2022-11-17 08:01:28","Laurin R 90","","SI",73.58572804927826,25.943599428295396,10
9779997,0.059952497482299805,"2022-11-17 08:01:28","Laurin R 90","","SI",73.58572804927826,25.943599428295396,10
9801285,0.03706073760986328,"2022-11-17 08:01:28","Laurin R 90","","SI",73.58572804927826,25.943599428295396,10
9811930,0.025814175605773926,"2022-11-17 08:01:28","Laurin R 90","","SI",73.58572804927826,25.943599428295396,10
9822576,0.009121298789978027,"2022-11-17 08:01:28","Laurin R 90","","SI",73.58572804927826,25.943599428295396,10
9833220,0.001771092414855957,"2022-11-17 08:01:28","Laurin R 90","","SI",73.58572804927826,25.943599428295396,10
9843866,0.0012840032577514648,"2022-11-17 08:01:28","Laurin R 90","","SI",73.58572804927826,25.943599428295396,10
9854510,0.00996255874633789,"2022-11-17 08:01:28","Laurin R 90","","SI",73.58572804927826,25.943599428295396,10
9865153,0.010936737060546875,"2022-11-17 08:01:28","Laurin R 90","","SI",73.58572804927826,25.943599428295396,10
9875797,0.0011954307556152344,"2022-11-17 08:01:28","Laurin R 90","","SI",73.58572804927826,25.943599428295396,10
9886441,0.010405302047729492,"2022-11-17 08:01:28","Laurin R 90","","SI",73.58572804927826,25.943599428295396,10
9897087,0.00500333309173584,"2022-11-17 08:01:28","Laurin R 90","","SI",73.58572804927826,25.943599428295396,10
9907731,0.0016826391220092773,"2022-11-17 08:01:28","Laurin R 90","","SI",73.58572804927826,25.943599428295396,10
9918375,0.01957094669342041,"2022-11-17 08:01:28","Laurin R 90","","SI",73.58572804927826,25.943599428295396,10
9929019,0.0245743989944458,"2022-11-17 08:01:28","Laurin R 90","","SI",73.58572804927826,25.943599428295396,10
9939664,0.020367980003356934,"2022-11-17 08:01:28","Laurin R 90","","SI",73.58572804927826,25.943599428295396,10
9950309,0.01717996597290039,"2022-11-17 08:01:28","Laurin R 90","","SI",73.58572804927826,25.943599428295396,10
9971599,0.028825044631958008,"2022-11-17 08:01:28","Laurin R 90","","SI",73.58572804927826,25.943599428295396,10
9982244,0.027718067169189453,"2022-11-17 08:01:28","Laurin R 90","","SI",73.58572804927826,25.943599428295396,10
9992889,0.03161454200744629,"2022-11-17 08:01:28","Laurin R 90","","SI",73.58572804927826,25.943599428295396,10
10003532,0.025548458099365234,"2022-11-17 08:01:28","Laurin R 90","","SI",73.58572804927826,25.943599428295396,10
10014175,0.028780817985534668,"2022-11-17 08:01:28","Laurin R 90","","SI",73.58572804927826,25.943599428295396,10
10024818,0.032898664474487305,"2022-11-17 08:01:28","Laurin R 90","","SI",73.58572804927826,25.943599428295396,10
10035461,0.047554731369018555,"2022-11-17 08:01:28","Laurin R 90","","SI",73.58572804927826,25.943599428295396,10
10046103,0.047953128814697266,"2022-11-17 08:01:28","Laurin R 90","","SI",73.58572804927826,25.943599428295396,10
10056746,0.050078511238098145,"2022-11-17 08:01:28","Laurin R 90","","SI",73.58572804927826,25.943599428295396,10
10067390,0.06491172313690186,"2022-11-17 08:01:28","Laurin R 90","","SI",73.58572804927826,25.943599428295396,10
10078034,0.06083810329437256,"2022-11-17 08:01:28","Laurin R 90","","SI",73.58572804927826,25.943599428295396,10
10088678,0.05583465099334717,"2022-11-17 08:01:28","Laurin R 90","","SI",73.58572804927826,25.943599428295396,10
10099322,0.0545506477355957,"2022-11-17 08:01:28","Laurin R 90","","SI",73.58572804927826,25.943599428295396,10
10109966,0.04480946063995361,"2022-11-17 08:01:28","Laurin R 90","","SI",73.58572804927826,25.943599428295396,10
10120608,0.05410778522491455,"2022-11-17 08:01:28","Laurin R 90","","SI",73.58572804927826,25.943599428295396,10
10141897,0.02692115306854248,"2022-11-17 08:01:28","Laurin R 90","","SI",73.58572804927826,25.943599428295396,10
10152542,0.03431558609008789,"2022-11-17 08:01:28","Laurin R 90","","SI",73.58572804927826,25.943599428295396,10
10163187,0.04109013080596924,"2022-11-17 08:01:28","Laurin R 90","","SI",73.58572804927826,25.943599428295396,10
10173831,0.015143156051635742,"2022-11-17 08:01:28","Laurin R 90","","SI",73.58572804927826,25.943599428295396,10
10184476,0.02147495746612549,"2022-11-17 08:01:28","Laurin R 90","","SI",73.58572804927826,25.943599428295396,10
10195120,0.025459885597229004,"2022-11-17 08:01:28","Laurin R 90","","SI",73.58572804927826,25.943599428295396,10
10205765,0.012530684471130371,"2022-11-17 08:01:28","Laurin R 90","","SI",73.58572804927826,25.943599428295396,10
10216410,0.015851616859436035,"2022-11-17 08:01:28","Laurin R 90","","SI",73.58572804927826,25.943599428295396,10
10227056,0.012752175331115723,"2022-11-17 08:01:28","Laurin R 90","","SI",73.58572804927826,25.943599428295396,10
10237700,0.006508946418762207,"2022-11-17 08:01:28","Laurin R 90","","SI",73.58572804927826,25.943599428295396,10
10248343,0.0002657175064086914,"2022-11-17 08:01:28","Laurin R 90","","SI",73.58572804927826,25.943599428295396,10
10258988,0.00017702579498291016,"2022-11-17 08:01:28","Laurin R 90","","SI",73.58572804927826,25.943599428295396,10
10269632,0.0036308765411376953,"2022-11-17 08:01:28","Laurin R 90","","SI",73.58572804927826,25.943599428295396,10
10280275,0.010184049606323242,"2022-11-17 08:01:28","Laurin R 90","","SI",73.58572804927826,25.943599428295396,10
10290920,0.0010184049606323242,"2022-11-17 08:01:28","Laurin R 90","","SI",73.58572804927826,25.943599428295396,10
10312208,0.0024796724319458008,"2022-11-17 08:01:28","Laurin R 90","","SI",73.58572804927826,25.943599428295396,10
10322854,0.0018153190612792969,"2022-11-17 08:01:28","Laurin R 90","","SI",73.58572804927826,25.943599428295396,10
10333499,0.015497326850891113,"2022-11-17 08:01:28","Laurin R 90","","SI",73.58572804927826,25.943599428295396,10
10344144,0.0288693904876709,"2022-11-17 08:01:28","Laurin R 90","","SI",73.58572804927826,25.943599428295396,10
10354789,0.022626161575317383,"2022-11-17 08:01:28","Laurin R 90","","SI",73.58572804927826,25.943599428295396,10
10365434,0.04370248317718506,"2022-11-17 08:01:28","Laurin R 90","","SI",73.58572804927826,25.943599428295396,10
10376080,0.06167936325073242,"2022-11-17 08:01:28","Laurin R 90","","SI",73.58572804927826,25.943599428295396,10
10386724,0.05083119869232178,"2022-11-17 08:01:28","Laurin R 90","","SI",73.58572804927826,25.943599428295396,10
10397368,0.040647268295288086,"2022-11-17 08:01:28","Laurin R 90","","SI",73.58572804927826,25.943599428295396,10
10408013,0.04932582378387451,"2022-11-17 08:01:28","Laurin R 90","","SI",73.58572804927826,25.943599428295396,10
10418658,0.05375361442565918,"2022-11-17 08:01:28","Laurin R 90","","SI",73.58572804927826,25.943599428295396,10
10429304,0.06083810329437256,"2022-11-17 08:01:28","Laurin R 90","","SI",73.58572804927826,25.943599428295396,10
10439949,0.05552470684051514,"2022-11-17 08:01:28","Laurin R 90","","SI",73.58572804927826,25.943599428295396,10
10450593,0.06637287139892578,"2022-11-17 08:01:28","Laurin R 90","","SI",73.58572804927826,25.943599428295396,10
10461236,0.07761943340301514,"2022-11-17 08:01:28","Laurin R 90","","SI",73.58572804927826,25.943599428295396,10
10482522,0.07474136352539062,"2022-11-17 08:01:28","Laurin R 90","","SI",73.58572804927826,25.943599428295396,10
10493166,0.07062351703643799,"2022-11-17 08:01:28","Laurin R 90","","SI",73.58572804927826,25.943599428295396,10
10503810,0.06871962547302246,"2022-11-17 08:01:28","Laurin R 90","","SI",73.58572804927826,25.943599428295396,10
10514456,0.06982648372650146,"2022-11-17 08:01:28","Laurin R 90","","SI",73.58572804927826,25.943599428295396,10
10525099,0.07292604446411133,"2022-11-17 08:01:28","Laurin R 90","","SI",73.58572804927826,25.943599428295396,10
10535743,0.06942808628082275,"2022-11-17 08:01:28","Laurin R 90","","SI",73.58572804927826,25.943599428295396,10
10546389,0.07314741611480713,"2022-11-17 08:01:28","Laurin R 90","","SI",73.58572804927826,25.943599428295396,10
10557034,0.07266032695770264,"2022-11-17 08:01:28","Laurin R 90","","SI",73.58572804927826,25.943599428295396,10
10567679,0.07177472114562988,"2022-11-17 08:01:28","Laurin R 90","","SI",73.58572804927826,25.943599428295396,10
10578324,0.06336188316345215,"2022-11-17 08:01:28","Laurin R 90","","SI",73.58572804927826,25.943599428295396,10
10588968,0.04002737998962402,"2022-11-17 08:01:28","Laurin R 90","","SI",73.58572804927826,25.943599428295396,10
10599613,0.030640482902526855,"2022-11-17 08:01:28","Laurin R 90","","SI",73.58572804927826,25.943599428295396,10
10610257,0.024972915649414062,"2022-11-17 08:01:28","Laurin R 90","","SI",73.58572804927826,25.943599428295396,10
10620902,0.04427814483642578,"2022-11-17 08:01:28","Laurin R 90","","SI",73.58572804927826,25.943599428295396,10
10631545,0.05401933193206787,"2022-11-17 08:01:28","Laurin R 90","","SI",73.58572804927826,25.943599428295396,10
10652833,0.042861223220825195,"2022-11-17 08:01:28","Laurin R 90","","SI",73.58572804927826,25.943599428295396,10
10663476,0.02904641628265381,"2022-11-17 08:01:28","Laurin R 90","","SI",73.58572804927826,25.943599428295396,10
10674119,0.0003985166549682617,"2022-11-17 08:01:28","Laurin R 90","","SI",73.58572804927826,25.943599428295396,10
10684763,0.021076321601867676,"2022-11-17 08:01:28","Laurin R 90","","SI",73.58572804927826,25.943599428295396,10
10695407,0.010405302047729492,"2022-11-17 08:01:28","Laurin R 90","","SI",73.58572804927826,25.943599428295396,10
10706050,0.0198366641998291,"2022-11-17 08:01:28","Laurin R 90","","SI",73.58572804927826,25.943599428295396,10
10716695,0.026035547256469727,"2022-11-17 08:01:28","Laurin R 90","","SI",73.58572804927826,25.943599428295396,10
10727339,0.021386384963989258,"2022-11-17 08:01:28","Laurin R 90","","SI",73.58572804927826,25.943599428295396,10
10737983,0.014301896095275879,"2022-11-17 08:01:28","Laurin R 90","","SI",73.58572804927826,25.943599428295396,10
10748628,0.008280038833618164,"2022-11-17 08:01:28","Laurin R 90","","SI",73.58572804927826,25.943599428295396,10
10759272,0.00996255874633789,"2022-11-17 08:01:28","Laurin R 90","","SI",73.58572804927826,25.943599428295396,10
10769918,0.013150691986083984,"2022-11-17 08:01:28","Laurin R 90","","SI",73.58572804927826,25.943599428295396,10
10780563,0.013770580291748047,"2022-11-17 08:01:28","Laurin R 90","","SI",73.58572804927826,25.943599428295396,10
10791207,0.027629613876342773,"2022-11-17 08:01:28","Laurin R 90","","SI",73.58572804927826,25.943599428295396,10
10801851,0.04436671733856201,"2022-11-17 08:01:28","Laurin R 90","","SI",73.58572804927826,25.943599428295396,10
10823140,0.030020594596862793,"2022-11-17 08:01:28","Laurin R 90","","SI",73.58572804927826,25.943599428295396,10
10833785,0.02900218963623047,"2022-11-17 08:01:28","Laurin R 90","","SI",73.58572804927826,25.943599428295396,10
10844428,0.030419111251831055,"2022-11-17 08:01:28","Laurin R 90","","SI",73.58572804927826,25.943599428295396,10
10855072,0.02475142478942871,"2022-11-17 08:01:28","Laurin R 90","","SI",73.58572804927826,25.943599428295396,10
10865716,0.026079773902893066,"2022-11-17 08:01:28","Laurin R 90","","SI",73.58572804927826,25.943599428295396,10
10876360,0.03148174285888672,"2022-11-17 08:01:28","Laurin R 90","","SI",73.58572804927826,25.943599428295396,10
10887006,0.03728222846984863,"2022-11-17 08:01:28","Laurin R 90","","SI",73.58572804927826,25.943599428295396,10
10897652,0.03617525100708008,"2022-11-17 08:01:28","Laurin R 90","","SI",73.58572804927826,25.943599428295396,10
10908297,0.03444838523864746,"2022-11-17 08:01:28","Laurin R 90","","SI",73.58572804927826,25.943599428295396,10
10918942,0.027496695518493652,"2022-11-17 08:01:28","Laurin R 90","","SI",73.58572804927826,25.943599428295396,10
10929586,0.025017142295837402,"2022-11-17 08:01:28","Laurin R 90","","SI",73.58572804927826,25.943599428295396,10
10940230,0.018773913383483887,"2022-11-17 08:01:28","Laurin R 90","","SI",73.58572804927826,25.943599428295396,10
10950874,0.018641114234924316,"2022-11-17 08:01:28","Laurin R 90","","SI",73.58572804927826,25.943599428295396,10
10961520,0.018242597579956055,"2022-11-17 08:01:28","Laurin R 90","","SI",73.58572804927826,25.943599428295396,10
10972166,0.020899295806884766,"2022-11-17 08:01:28","Laurin R 90","","SI",73.58572804927826,25.943599428295396,10
10993456,0.015541672706604004,"2022-11-17 08:01:28","Laurin R 90","","SI",73.58572804927826,25.943599428295396,10
11004102,0.013903379440307617,"2022-11-17 08:01:28","Laurin R 90","","SI",73.58572804927826,25.943599428295396,10
11014747,0.007748723030090332,"2022-11-17 08:01:28","Laurin R 90","","SI",73.58572804927826,25.943599428295396,10
11025390,0.0017267465591430664,"2022-11-17 08:01:28","Laurin R 90","","SI",73.58572804927826,25.943599428295396,10
11036034,0.004294991493225098,"2022-11-17 08:01:28","Laurin R 90","","SI",73.58572804927826,25.943599428295396,10
11046679,0.01664865016937256,"2022-11-17 08:01:28","Laurin R 90","","SI",73.58572804927826,25.943599428295396,10
11057324,0.023511648178100586,"2022-11-17 08:01:28","Laurin R 90","","SI",73.58572804927826,25.943599428295396,10
11067969,0.01664865016937256,"2022-11-17 08:01:28","Laurin R 90","","SI",73.58572804927826,25.943599428295396,10
11078615,0.011069416999816895,"2022-11-17 08:01:28","Laurin R 90","","SI",73.58572804927826,25.943599428295396,10
11089261,0.021076321601867676,"2022-11-17 08:01:28","Laurin R 90","","SI",73.58572804927826,25.943599428295396,10
11099907,0.015364408493041992,"2022-11-17 08:01:28","Laurin R 90","","SI",73.58572804927826,25.943599428295396,10
11110552,0.009874105453491211,"2022-11-17 08:01:28","Laurin R 90","","SI",73.58572804927826,25.943599428295396,10
11121198,0.030153393745422363,"2022-11-17 08:01:28","Laurin R 90","","SI",73.58572804927826,25.943599428295396,10
11131842,0.029976248741149902,"2022-11-17 08:01:28","Laurin R 90","","SI",73.58572804927826,25.943599428295396,10
11142487,0.018198370933532715,"2022-11-17 08:01:28","Laurin R 90","","SI",73.58572804927826,25.943599428295396,10
11163779,0.0006198883056640625,"2022-11-17 08:01:28","Laurin R 90","","SI",73.58572804927826,25.943599428295396,10
11174423,0.001062631607055664,"2022-11-17 08:01:28","Laurin R 90","","SI",73.58572804927826,25.943599428295396,10
11185069,0.025681376457214355,"2022-11-17 08:01:28","Laurin R 90","","SI",73.58572804927826,25.943599428295396,10
11195714,0.027673840522766113,"2022-11-17 08:01:28","Laurin R 90","","SI",73.58572804927826,25.943599428295396,10
11206358,0.02900218963623047,"2022-11-17 08:01:28","Laurin R 90","","SI",73.58572804927826,25.943599428295396,10
11217004,0.03223443031311035,"2022-11-17 08:01:28","Laurin R 90","","SI",73.58572804927826,25.943599428295396,10
11227649,0.030906081199645996,"2022-11-17 08:01:28","Laurin R 90","","SI",73.58572804927826,25.943599428295396,10
11238295,0.025061488151550293,"2022-11-17 08:01:28","Laurin R 90","","SI",73.58572804927826,25.943599428295396,10
11248941,0.03511250019073486,"2022-11-17 08:01:28","Laurin R 90","","SI",73.58572804927826,25.943599428295396,10
11259586,0.04343676567077637,"2022-11-17 08:01:28","Laurin R 90","","SI",73.58572804927826,25.943599428295396,10
11270231,0.052602410316467285,"2022-11-17 08:01:28","Laurin R 90","","SI",73.58572804927826,25.943599428295396,10
11280877,0.045562148094177246,"2022-11-17 08:01:28","Laurin R 90","","SI",73.58572804927826,25.943599428295396,10
11291520,0.042861223220825195,"2022-11-17 08:01:28","Laurin R 90","","SI",73.58572804927826,25.943599428295396,10
11302164,0.047864675521850586,"2022-11-17 08:01:28","Laurin R 90","","SI",73.58572804927826,25.943599428295396,10
11312809,0.04649198055267334,"2022-11-17 08:01:28","Laurin R 90","","SI",73.58572804927826,25.943599428295396,10
11334097,0.057207345962524414,"2022-11-17 08:01:28","Laurin R 90","","SI",73.58572804927826,25.943599428295396,10
11344742,0.05220389366149902,"2022-11-17 08:01:28","Laurin R 90","","SI",73.58572804927826,25.943599428295396,10
11355387,0.04157710075378418,"2022-11-17 08:01:28","Laurin R 90","","SI",73.58572804927826,25.943599428295396,10
11366031,0.052735209465026855,"2022-11-17 08:01:28","Laurin R 90","","SI",73.58572804927826,25.943599428295396,10
11376674,0.03613090515136719,"2022-11-17 08:01:28","Laurin R 90","","SI",73.58572804927826,25.943599428295396,10
11387319,0.023201704025268555,"2022-11-17 08:01:28","Laurin R 90","","SI",73.58572804927826,25.943599428295396,10
11397963,0.0392303466796875,"2022-11-17 08:01:28","Laurin R 90","","SI",73.58572804927826,25.943599428295396,10
11408607,0.042816877365112305,"2022-11-17 08:01:28","Laurin R 90","","SI",73.58572804927826,25.943599428295396,10
11419252,0.04821884632110596,"2022-11-17 08:01:28","Laurin R 90","","SI",73.58572804927826,25.943599428295396,10
11429897,0.042595505714416504,"2022-11-17 08:01:28","Laurin R 90","","SI",73.58572804927826,25.943599428295396,10
11440543,0.03391706943511963,"2022-11-17 08:01:28","Laurin R 90","","SI",73.58572804927826,25.943599428295396,10
11451188,0.03644084930419922,"2022-11-17 08:01:28","Laurin R 90","","SI",73.58572804927826,25.943599428295396,10
11461834,0.0338284969329834,"2022-11-17 08:01:28","Laurin R 90","","SI",73.58572804927826,25.943599428295396,10
11472480,0.052558064460754395,"2022-11-17 08:01:28","Laurin R 90","","SI",73.58572804927826,25.943599428295396,10
11483125,0.05964255332946777,"2022-11-17 08:01:28","Laurin R 90","","SI",73.58572804927826,25.943599428295396,10
11504415,0.04206418991088867,"2022-11-17 08:01:28","Laurin R 90","","SI",73.58572804927826,25.943599428295396,10
11515060,0.04100155830383301,"2022-11-17 08:01:28","Laurin R 90","","SI",73.58572804927826,25.943599428295396,10
11525707,0.028072357177734375,"2022-11-17 08:01:28","Laurin R 90","","SI",73.58572804927826,25.943599428295396,10
11536352,0.03909754753112793,"2022-11-17 08:01:28","Laurin R 90","","SI",73.58572804927826,25.943599428295396,10
11546998,0.054949164390563965,"2022-11-17 08:01:28","Laurin R 90","","SI",73.58572804927826,25.943599428295396,10
11557643,0.05641031265258789,"2022-11-17 08:01:28","Laurin R 90","","SI",73.58572804927826,25.943599428295396,10
11568287,0.04379105567932129,"2022-11-17 08:01:28","Laurin R 90","","SI",73.58572804927826,25.943599428295396,10
11578933,0.032721519470214844,"2022-11-17 08:01:28","Laurin R 90","","SI",73.58572804927826,25.943599428295396,10
11589578,0.02957773208618164,"2022-11-17 08:01:28","Laurin R 90","","SI",73.58572804927826,25.943599428295396,10
11600222,0.0293121337890625,"2022-11-17 08:01:28","Laurin R 90","","SI",73.58572804927826,25.943599428295396,10
11610867,0.02222764492034912,"2022-11-17 08:01:28","Laurin R 90","","SI",73.58572804927826,25.943599428295396,10
11621512,0.037503600120544434,"2022-11-17 08:01:28","Laurin R 90","","SI",73.58572804927826,25.943599428295396,10
11632156,0.05083119869232178,"2022-11-17 08:01:28","Laurin R 90","","SI",73.58572804927826,25.943599428295396,10
11642801,0.042551279067993164,"2022-11-17 08:01:28","Laurin R 90","","SI",73.58572804927826,25.943599428295396,10
11653445,0.0198366641998291,"2022-11-17 08:01:28","Laurin R 90","","SI",73.58572804927826,25.943599428295396,10
11674731,0.015054583549499512,"2022-11-17 08:01:28","Laurin R 90","","SI",73.58572804927826,25.943599428295396,10
11685374,0.005534768104553223,"2022-11-17 08:01:28","Laurin R 90","","SI",73.58572804927826,25.943599428295396,10
11696019,0.012619256973266602,"2022-11-17 08:01:28","Laurin R 90","","SI",73.58572804927826,25.943599428295396,10
11706664,0.030729055404663086,"2022-11-17 08:01:28","Laurin R 90","","SI",73.58572804927826,25.943599428295396,10
11717308,0.03471410274505615,"2022-11-17 08:01:28","Laurin R 90","","SI",73.58572804927826,25.943599428295396,10
11727953,0.026168346405029297,"2022-11-17 08:01:28","Laurin R 90","","SI",73.58572804927826,25.943599428295396,10
11738596,0.025371432304382324,"2022-11-17 08:01:28","Laurin R 90","","SI",73.58572804927826,25.943599428295396,10
11749240,0.03192448616027832,"2022-11-17 08:01:28","Laurin R 90","","SI",73.58572804927826,25.943599428295396,10
11759886,0.028293728828430176,"2022-11-17 08:01:28","Laurin R 90","","SI",73.58572804927826,25.943599428295396,10
11770530,0.02687680721282959,"2022-11-17 08:01:28","Laurin R 90","","SI",73.58572804927826,25.943599428295396,10
11781174,0.010626792907714844,"2022-11-17 08:01:28","Laurin R 90","","SI",73.58572804927826,25.943599428295396,10
11791817,0.016294360160827637,"2022-11-17 08:01:28","Laurin R 90","","SI",73.58572804927826,25.943599428295396,10
11802462,0.006553173065185547,"2022-11-17 08:01:28","Laurin R 90","","SI",73.58572804927826,25.943599428295396,10
11813108,0.007571578025817871,"2022-11-17 08:01:28","Laurin R 90","","SI",73.58572804927826,25.943599428295396,10
11823752,0.018508315086364746,"2022-11-17 08:01:28","Laurin R 90","","SI",73.58572804927826,25.943599428295396,10
11845041,0.01722419261932373,"2022-11-17 08:01:28","Laurin R 90","","SI",73.58572804927826,25.943599428295396,10
11855685,0.010848164558410645,"2022-11-17 08:01:28","Laurin R 90","","SI",73.58572804927826,25.943599428295396,10
11866329,0.007173061370849609,"2022-11-17 08:01:28","Laurin R 90","","SI",73.58572804927826,25.943599428295396,10
11876973,0.01700282096862793,"2022-11-17 08:01:28","Laurin R 90","","SI",73.58572804927826,25.943599428295396,10
11887619,0.028382301330566406,"2022-11-17 08:01:28","Laurin R 90","","SI",73.58572804927826,25.943599428295396,10
11898263,0.02940070629119873,"2022-11-17 08:01:28","Laurin R 90","","SI",73.58572804927826,25.943599428295396,10
11908908,0.025991320610046387,"2022-11-17 08:01:28","Laurin R 90","","SI",73.58572804927826,25.943599428295396,10
11919553,0.018286943435668945,"2022-11-17 08:01:28","Laurin R 90","","SI",73.58572804927826,25.943599428295396,10
11930198,0.01208794116973877,"2022-11-17 08:01:28","Laurin R 90","","SI",73.58572804927826,25.943599428295396,10
11940843,0.02900218963623047,"2022-11-17 08:01:28","Laurin R 90","","SI",73.58572804927826,25.943599428295396,10
11951486,0.033297181129455566,"2022-11-17 08:01:28","Laurin R 90","","SI",73.58572804927826,25.943599428295396,10
11962130,0.023423194885253906,"2022-11-17 08:01:28","Laurin R 90","","SI",73.58572804927826,25.943599428295396,10
11972775,0.028470873832702637,"2022-11-17 08:01:28","Laurin R 90","","SI",73.58572804927826,25.943599428295396,10
11983421,0.030906081199645996,"2022-11-17 08:01:28","Laurin R 90","","SI",73.58572804927826,25.943599428295396,10
11994065,0.018198370933532715,"2022-11-17 08:01:28","Laurin R 90","","SI",73.58572804927826,25.943599428295396,10
12015355,0.027452468872070312,"2022-11-17 08:01:28","Laurin R 90","","SI",73.58572804927826,25.943599428295396,10
12025999,0.03201305866241455,"2022-11-17 08:01:28","Laurin R 90","","SI",73.58572804927826,25.943599428295396,10
12036643,0.030463337898254395,"2022-11-17 08:01:28","Laurin R 90","","SI",73.58572804927826,25.943599428295396,10
12047286,0.03706073760986328,"2022-11-17 08:01:28","Laurin R 90","","SI",73.58572804927826,25.943599428295396,10
12057930,0.02935636043548584,"2022-11-17 08:01:28","Laurin R 90","","SI",73.58572804927826,25.943599428295396,10
12068576,0.03134894371032715,"2022-11-17 08:01:28","Laurin R 90","","SI",73.58572804927826,25.943599428295396,10
12079219,0.025548458099365234,"2022-11-17 08:01:28","Laurin R 90","","SI",73.58572804927826,25.943599428295396,10
12089863,0.013327717781066895,"2022-11-17 08:01:28","Laurin R 90","","SI",73.58572804927826,25.943599428295396,10
12100508,0.020323634147644043,"2022-11-17 08:01:28","Laurin R 90","","SI",73.58572804927826,25.943599428295396,10
12111152,0.030286192893981934,"2022-11-17 08:01:28","Laurin R 90","","SI",73.58572804927826,25.943599428295396,10
12121796,0.040204524993896484,"2022-11-17 08:01:28","Laurin R 90","","SI",73.58572804927826,25.943599428295396,10
12132441,0.04100155830383301,"2022-11-17 08:01:28","Laurin R 90","","SI",73.58572804927826,25.943599428295396,10
12143086,0.03865480422973633,"2022-11-17 08:01:28","Laurin R 90","","SI",73.58572804927826,25.943599428295396,10
12153730,0.03723788261413574,"2022-11-17 08:01:28","Laurin R 90","","SI",73.58572804927826,25.943599428295396,10
12164374,0.030729055404663086,"2022-11-17 08:01:28","Laurin R 90","","SI",73.58572804927826,25.943599428295396,10
12185661,0.033297181129455566,"2022-11-17 08:01:28","Laurin R 90","","SI",73.58572804927826,25.943599428295396,10
12196305,0.04472088813781738,"2022-11-17 08:01:28","Laurin R 90","","SI",73.58572804927826,25.943599428295396,10
12206949,0.04715621471405029,"2022-11-17 08:01:28","Laurin R 90","","SI",73.58572804927826,25.943599428295396,10
12217594,0.044898033142089844,"2022-11-17 08:01:28","Laurin R 90","","SI",73.58572804927826,25.943599428295396,10
12228238,0.04334831237792969,"2022-11-17 08:01:28","Laurin R 90","","SI",73.58572804927826,25.943599428295396,10
12238884,0.040558695793151855,"2022-11-17 08:01:28","Laurin R 90","","SI",73.58572804927826,25.943599428295396,10
12249529,0.04432237148284912,"2022-11-17 08:01:28","Laurin R 90","","SI",73.58572804927826,25.943599428295396,10
12260173,0.047510385513305664,"2022-11-17 08:01:28","Laurin R 90","","SI",73.58572804927826,25.943599428295396,10
12270817,0.05211532115936279,"2022-11-17 08:01:28","Laurin R 90","","SI",73.58572804927826,25.943599428295396,10
12281462,0.04458808898925781,"2022-11-17 08:01:28","Laurin R 90","","SI",73.58572804927826,25.943599428295396,10
12292106,0.040071725845336914,"2022-11-17 08:01:28","Laurin R 90","","SI",73.58572804927826,25.943599428295396,10
12302749,0.02940070629119873,"2022-11-17 08:01:28","Laurin R 90","","SI",73.58572804927826,25.943599428295396,10
12313394,0.030551910400390625,"2022-11-17 08:01:28","Laurin R 90","","SI",73.58572804927826,25.943599428295396,10
12324038,0.04609346389770508,"2022-11-17 08:01:28","Laurin R 90","","SI",73.58572804927826,25.943599428295396,10
12334680,0.047731757164001465,"2022-11-17 08:01:28","Laurin R 90","","SI",73.58572804927826,25.943599428295396,10
12355970,0.04476511478424072,"2022-11-17 08:01:28","Laurin R 90","","SI",73.58572804927826,25.943599428295396,10
12366614,0.059731125831604004,"2022-11-17 08:01:28","Laurin R 90","","SI",73.58572804927826,25.943599428295396,10
12377257,0.05964255332946777,"2022-11-17 08:01:28","Laurin R 90","","SI",73.58572804927826,25.943599428295396,10
12387900,0.06770122051239014,"2022-11-17 08:01:28","Laurin R 90","","SI",73.58572804927826,25.943599428295396,10
12398544,0.052735209465026855,"2022-11-17 08:01:28","Laurin R 90","","SI",73.58572804927826,25.943599428295396,10
12409189,0.03356277942657471,"2022-11-17 08:01:28","Laurin R 90","","SI",73.58572804927826,25.943599428295396,10
12419834,0.01965951919555664,"2022-11-17 08:01:28","Laurin R 90","","SI",73.58572804927826,25.943599428295396,10
12430479,0.03861045837402344,"2022-11-17 08:01:28","Laurin R 90","","SI",73.58572804927826,25.943599428295396,10
12441124,0.04861736297607422,"2022-11-17 08:01:28","Laurin R 90","","SI",73.58572804927826,25.943599428295396,10
12451768,0.047908902168273926,"2022-11-17 08:01:28","Laurin R 90","","SI",73.58572804927826,25.943599428295396,10
12462414,0.042462706565856934,"2022-11-17 08:01:28","Laurin R 90","","SI",73.58572804927826,25.943599428295396,10
12473058,0.04104578495025635,"2022-11-17 08:01:28","Laurin R 90","","SI",73.58572804927826,25.943599428295396,10
12483703,0.030109167098999023,"2022-11-17 08:01:28","Laurin R 90","","SI",73.58572804927826,25.943599428295396,10
12494348,0.021430611610412598,"2022-11-17 08:01:28","Laurin R 90","","SI",73.58572804927826,25.943599428295396,10
12504993,0.03236734867095947,"2022-11-17 08:01:28","Laurin R 90","","SI",73.58572804927826,25.943599428295396,10
12526282,0.04454374313354492,"2022-11-17 08:01:28","Laurin R 90","","SI",73.58572804927826,25.943599428295396,10
12536927,0.040381669998168945,"2022-11-17 08:01:28","Laurin R 90","","SI",73.58572804927826,25.943599428295396,10
12547573,0.03475832939147949,"2022-11-17 08:01:28","Laurin R 90","","SI",73.58572804927826,25.943599428295396,10
12558218,0.02935636043548584,"2022-11-17 08:01:28","Laurin R 90","","SI",73.58572804927826,25.943599428295396,10
12568862,0.011556625366210938,"2022-11-17 08:01:28","Laurin R 90","","SI",73.58572804927826,25.943599428295396,10
12579506,0.007438778877258301,"2022-11-17 08:01:28","Laurin R 90","","SI",73.58572804927826,25.943599428295396,10
12590149,0.01961517333984375,"2022-11-17 08:01:28","Laurin R 90","","SI",73.58572804927826,25.943599428295396,10
12600792,0.018198370933532715,"2022-11-17 08:01:28","Laurin R 90","","SI",73.58572804927826,25.943599428295396,10
12611435,0.023511648178100586,"2022-11-17 08:01:28","Laurin R 90","","SI",73.58572804927826,25.943599428295396,10
12622079,0.02222764492034912,"2022-11-17 08:01:28","Laurin R 90","","SI",73.58572804927826,25.943599428295396,10
12632722,0.012663602828979492,"2022-11-17 08:01:28","Laurin R 90","","SI",73.58572804927826,25.943599428295396,10
12643367,0.015984416007995605,"2022-11-17 08:01:28","Laurin R 90","","SI",73.58572804927826,25.943599428295396,10
12654012,0.022714734077453613,"2022-11-17 08:01:28","Laurin R 90","","SI",73.58572804927826,25.943599428295396,10
12664657,0.007704377174377441,"2022-11-17 08:01:28","Laurin R 90","","SI",73.58572804927826,25.943599428295396,10
12675301,0.0024796724319458008,"2022-11-17 08:01:28","Laurin R 90","","SI",73.58572804927826,25.943599428295396,10
